,Date,Timeseries ID,ID,00:00:00,01:00:00,02:00:00,03:00:00,04:00:00,05:00:00,06:00:00,07:00:00,08:00:00,09:00:00,10:00:00,11:00:00,12:00:00,13:00:00,14:00:00,15:00:00,16:00:00,17:00:00,18:00:00,19:00:00,20:00:00,21:00:00,22:00:00,23:00:00
0,2015-04-09,0,BE,,,,,,,,,,,,,,,,,,,,,,,,10797.0
1,2015-04-09,0,PT,,,,,,,,,,,,,,,,,,,,,,,,5802.0
2,2015-04-09,0,RO,,,,,,,,,,,,,,,,,,,,,,,,6513.0
3,2015-04-10,0,BE,10141.0,9462.0,8995.0,8890.0,8861.0,9020.0,9935.0,10457.0,11014.0,11258.0,11380.0,11300.0,11330.0,11137.0,10861.0,10679.0,10500.0,10330.0,10368.0,10206.0,9981.0,10321.0,10125.0,10379.0
4,2015-04-10,0,PT,5248.0,4784.0,4487.0,4312.0,4229.0,4220.0,4297.0,4504.0,4951.0,5762.0,6070.0,6161.0,6272.0,6100.0,6047.0,6181.0,6092.0,5979.0,5766.0,5672.0,5787.0,6266.0,6136.0,5728.0
5,2015-04-10,0,RO,6214.0,5995.0,5880.0,5978.0,6113.0,6260.0,6697.0,6978.0,7036.0,6807.0,6753.0,6529.0,6502.0,6372.0,6287.0,6203.0,6223.0,6326.0,6582.0,7273.0,7409.0,6931.0,6430.0,5936.0
6,2015-04-11,0,BE,9691.0,9035.0,8421.0,8105.0,7979.0,8031.0,8368.0,8442.0,9067.0,9610.0,10211.0,10265.0,10335.0,10232.0,9845.0,9675.0,9664.0,9729.0,9847.0,9801.0,9662.0,9796.0,9628.0,9751.0
7,2015-04-11,0,PT,5214.0,4756.0,4460.0,4259.0,4150.0,4078.0,4061.0,4021.0,4064.0,4442.0,4822.0,5024.0,5123.0,5162.0,5057.0,4973.0,4869.0,4758.0,4713.0,4767.0,4990.0,5554.0,5494.0,5143.0
8,2015-04-11,0,RO,5665.0,5548.0,5526.0,5463.0,5549.0,5514.0,5639.0,5882.0,5934.0,5943.0,5880.0,5828.0,5786.0,5695.0,5620.0,5629.0,5679.0,5737.0,5957.0,6702.0,6871.0,6493.0,5967.0,5436.0
9,2015-04-12,0,BE,9153.0,8782.0,8317.0,8094.0,8009.0,8138.0,8235.0,8090.0,8415.0,8998.0,9230.0,9316.0,9505.0,9307.0,8868.0,8800.0,8585.0,8472.0,8811.0,8847.0,9051.0,9591.0,9381.0,9348.0
10,2015-04-12,0,PT,4769.0,4399.0,4104.0,3884.0,3799.0,3752.0,3754.0,3690.0,3637.0,3892.0,4253.0,4573.0,4799.0,4899.0,4753.0,4597.0,4480.0,4377.0,4391.0,4500.0,4726.0,5269.0,5334.0,5056.0
11,2015-04-12,0,RO,5218.0,5059.0,4930.0,4871.0,4872.0,4641.0,4580.0,4642.0,4663.0,4627.0,4509.0,4399.0,4292.0,4199.0,4207.0,4273.0,4379.0,4521.0,4797.0,5517.0,5728.0,5461.0,5088.0,4737.0
12,2015-04-13,0,BE,8739.0,8383.0,8138.0,8079.0,8095.0,8427.0,9464.0,10138.0,10827.0,11264.0,11648.0,11768.0,11774.0,11718.0,11400.0,11288.0,11021.0,10853.0,10918.0,10718.0,10554.0,10880.0,10708.0,10628.0
13,2015-04-13,0,PT,4670.0,4337.0,4073.0,3948.0,3886.0,3901.0,3981.0,4182.0,4601.0,5448.0,5825.0,5948.0,6078.0,5945.0,5899.0,6044.0,5993.0,5912.0,5724.0,5601.0,5764.0,6143.0,6075.0,5635.0
14,2015-04-13,0,RO,4571.0,4459.0,4430.0,4392.0,4564.0,4547.0,4617.0,4806.0,4782.0,4738.0,4682.0,4597.0,4550.0,4537.0,4511.0,4527.0,4593.0,4766.0,5054.0,5796.0,5949.0,5550.0,5225.0,4944.0
15,2015-04-14,0,BE,9984.0,9280.0,8738.0,8742.0,8823.0,8911.0,9835.0,10324.0,10871.0,11156.0,11261.0,11327.0,11190.0,11018.0,10826.0,10725.0,10680.0,10562.0,10690.0,10418.0,10250.0,10637.0,10482.0,10415.0
16,2015-04-14,0,PT,5106.0,4670.0,4399.0,4247.0,4172.0,4162.0,4241.0,4348.0,4770.0,5621.0,5934.0,6011.0,6125.0,5987.0,5930.0,6090.0,6063.0,6049.0,5849.0,5698.0,5906.0,6246.0,6131.0,5691.0
17,2015-04-14,0,RO,4765.0,4658.0,4557.0,4636.0,4803.0,5190.0,5757.0,6194.0,6359.0,6360.0,6264.0,6252.0,6275.0,6151.0,6131.0,6055.0,6020.0,6121.0,6388.0,7036.0,6998.0,6595.0,6161.0,5761.0
18,2015-04-15,0,BE,9560.0,8862.0,8415.0,8268.0,8368.0,8671.0,9469.0,9899.0,10670.0,11089.0,11202.0,11321.0,11274.0,11128.0,11028.0,11006.0,10710.0,10688.0,10537.0,10200.0,10059.0,10509.0,10284.0,10155.0
19,2015-04-15,0,PT,5126.0,4701.0,4433.0,4279.0,4224.0,4202.0,4286.0,4408.0,4837.0,5668.0,6011.0,6095.0,6199.0,6046.0,6049.0,6157.0,6115.0,6151.0,6044.0,5931.0,6025.0,6346.0,6270.0,5843.0
20,2015-04-15,0,RO,5481.0,5337.0,5301.0,5350.0,5506.0,5899.0,6418.0,6856.0,6919.0,6809.0,6712.0,6718.0,6814.0,6694.0,6568.0,6537.0,6485.0,6536.0,6697.0,7354.0,7471.0,6901.0,6293.0,5801.0
21,2015-04-16,0,BE,9501.0,8966.0,8521.0,8469.0,8402.0,8679.0,9304.0,9963.0,10595.0,11099.0,11215.0,11333.0,11429.0,11239.0,11106.0,10890.0,10926.0,10769.0,10671.0,10613.0,10287.0,10483.0,10273.0,10325.0
22,2015-04-16,0,PT,5283.0,4827.0,4568.0,4389.0,4312.0,4271.0,4341.0,4459.0,4855.0,5698.0,5974.0,6076.0,6235.0,6064.0,6054.0,6213.0,6156.0,6102.0,5983.0,5933.0,6071.0,6356.0,6264.0,5805.0
23,2015-04-16,0,RO,5577.0,5479.0,5388.0,5457.0,5592.0,5761.0,6293.0,6753.0,6781.0,6665.0,6551.0,6552.0,6623.0,6536.0,6417.0,6325.0,6256.0,6299.0,6454.0,7097.0,7343.0,6751.0,6190.0,5742.0
24,2015-04-17,0,BE,9606.0,9045.0,8591.0,8353.0,8482.0,8642.0,9502.0,10066.0,10792.0,11138.0,11468.0,11616.0,11479.0,11232.0,10964.0,10838.0,10499.0,10505.0,10491.0,10342.0,10120.0,10275.0,10169.0,10313.0
25,2015-04-17,0,PT,5282.0,4839.0,4559.0,4406.0,4335.0,4320.0,4420.0,4549.0,4982.0,5741.0,6001.0,6087.0,6187.0,6001.0,6048.0,6228.0,6148.0,6011.0,5838.0,5742.0,5870.0,6231.0,6177.0,5750.0
26,2015-04-17,0,RO,5558.0,5429.0,5421.0,5450.0,5552.0,5801.0,6152.0,6575.0,6572.0,6425.0,6314.0,6324.0,6300.0,6209.0,6168.0,6057.0,6092.0,6117.0,6355.0,7003.0,7073.0,6605.0,6199.0,5790.0
27,2015-04-18,0,BE,9541.0,8928.0,8581.0,8320.0,8120.0,8344.0,8582.0,8538.0,9139.0,9707.0,10123.0,10100.0,10070.0,9880.0,9602.0,9394.0,9108.0,9385.0,9452.0,9381.0,9381.0,9660.0,9510.0,9593.0
28,2015-04-18,0,PT,5286.0,4830.0,4552.0,4322.0,4222.0,4183.0,4184.0,4092.0,4166.0,4586.0,4948.0,5187.0,5320.0,5387.0,5250.0,5206.0,5098.0,5039.0,4990.0,5038.0,5202.0,5599.0,5517.0,5200.0
29,2015-04-18,0,RO,5560.0,5397.0,5422.0,5370.0,5402.0,5417.0,5614.0,6068.0,6292.0,6429.0,6561.0,6420.0,6286.0,6171.0,6094.0,6087.0,6238.0,6356.0,6618.0,7047.0,6975.0,6460.0,5973.0,5600.0
30,2015-04-19,0,BE,9088.0,8557.0,8133.0,7869.0,7857.0,7955.0,8080.0,8025.0,8444.0,9083.0,9426.0,9558.0,9806.0,9623.0,9200.0,8965.0,8853.0,8870.0,9215.0,9285.0,9403.0,9701.0,9705.0,9565.0
31,2015-04-19,0,PT,4824.0,4474.0,4179.0,3974.0,3881.0,3826.0,3836.0,3726.0,3712.0,3999.0,4347.0,4688.0,4949.0,5032.0,4877.0,4726.0,4565.0,4455.0,4471.0,4556.0,4773.0,5320.0,5465.0,5170.0
32,2015-04-19,0,RO,5379.0,5206.0,5152.0,5139.0,5154.0,5096.0,5144.0,5385.0,5551.0,5495.0,5465.0,5511.0,5497.0,5351.0,5285.0,5360.0,5470.0,5672.0,5931.0,6595.0,6707.0,6238.0,5745.0,5416.0
33,2015-04-20,0,BE,8902.0,8487.0,8219.0,8132.0,8185.0,8645.0,9707.0,10452.0,11033.0,11388.0,11553.0,11623.0,11422.0,11374.0,11318.0,11163.0,11015.0,10932.0,10991.0,10654.0,10529.0,10787.0,10517.0,10472.0
34,2015-04-20,0,PT,4791.0,4429.0,4199.0,4063.0,4020.0,3996.0,4099.0,4246.0,4768.0,5621.0,5860.0,5953.0,6104.0,5951.0,5951.0,6064.0,6026.0,6043.0,5849.0,5755.0,5884.0,6224.0,6247.0,5823.0
35,2015-04-20,0,RO,5100.0,5029.0,5006.0,5053.0,5274.0,5760.0,6464.0,6867.0,7009.0,6984.0,6948.0,7020.0,7082.0,7106.0,6882.0,6786.0,6808.0,6800.0,7015.0,7573.0,7562.0,7032.0,6409.0,5996.0
36,2015-04-21,0,BE,9670.0,8991.0,8809.0,8627.0,8671.0,8873.0,9830.0,10742.0,11207.0,11475.0,11620.0,11732.0,11543.0,11322.0,11184.0,11045.0,10972.0,10788.0,10846.0,10681.0,10412.0,10495.0,10483.0,10447.0
37,2015-04-21,0,PT,5281.0,4814.0,4545.0,4385.0,4325.0,4284.0,4374.0,4465.0,4906.0,5710.0,5980.0,6052.0,6146.0,6049.0,6006.0,6159.0,6104.0,6100.0,5943.0,5846.0,6033.0,6272.0,6233.0,5845.0
38,2015-04-21,0,RO,5766.0,5634.0,5598.0,5615.0,5871.0,6174.0,6796.0,7110.0,7182.0,7083.0,7042.0,7043.0,7101.0,6908.0,6784.0,6778.0,6902.0,6907.0,7058.0,7519.0,7596.0,6995.0,6403.0,6020.0
39,2015-04-22,0,BE,9561.0,9110.0,8762.0,8467.0,8500.0,8714.0,9487.0,10289.0,10782.0,11147.0,11252.0,11314.0,11278.0,11174.0,11115.0,10940.0,10760.0,10656.0,10540.0,10362.0,10172.0,10377.0,10353.0,10394.0
40,2015-04-22,0,PT,5320.0,4851.0,4587.0,4414.0,4322.0,4324.0,4405.0,4492.0,4958.0,5747.0,6048.0,6156.0,6285.0,6152.0,6123.0,6265.0,6183.0,6171.0,5951.0,5717.0,5906.0,6278.0,6266.0,5824.0
41,2015-04-22,0,RO,5778.0,5617.0,5615.0,5638.0,5801.0,6141.0,6795.0,7188.0,7251.0,7210.0,7075.0,7105.0,7071.0,7021.0,6881.0,6759.0,6758.0,6830.0,6983.0,7579.0,7677.0,7145.0,6480.0,6046.0
42,2015-04-23,0,BE,9741.0,9140.0,8776.0,8511.0,8616.0,8998.0,9701.0,10538.0,11193.0,11397.0,11490.0,11586.0,11361.0,11284.0,11134.0,10914.0,10857.0,10760.0,10855.0,10634.0,10298.0,10425.0,10288.0,10417.0
43,2015-04-23,0,PT,5258.0,4891.0,4608.0,4462.0,4380.0,4334.0,4406.0,4466.0,5021.0,5801.0,6066.0,6127.0,6230.0,6040.0,5974.0,6131.0,6086.0,6048.0,5924.0,5890.0,5983.0,6338.0,6338.0,5883.0
44,2015-04-23,0,RO,5783.0,5664.0,5568.0,5539.0,5729.0,6128.0,6636.0,6797.0,6802.0,6694.0,6493.0,6422.0,6407.0,6365.0,6241.0,6153.0,6167.0,6264.0,6505.0,7037.0,7372.0,6921.0,6342.0,5960.0
45,2015-04-24,0,BE,9497.0,8981.0,8697.0,8349.0,8345.0,8817.0,9645.0,10481.0,11016.0,11326.0,11361.0,11486.0,11325.0,11153.0,10942.0,10809.0,10589.0,10589.0,10693.0,10313.0,10031.0,10269.0,10151.0,10273.0
46,2015-04-24,0,PT,5353.0,4905.0,4611.0,4444.0,4382.0,4331.0,4404.0,4534.0,5084.0,5913.0,6157.0,6279.0,6415.0,6244.0,6201.0,6407.0,6361.0,6255.0,6088.0,5965.0,6024.0,6339.0,6287.0,5833.0
47,2015-04-24,0,RO,5716.0,5595.0,5555.0,5648.0,5775.0,6057.0,6590.0,6824.0,6823.0,6702.0,6574.0,6505.0,6496.0,6444.0,6406.0,6381.0,6332.0,6372.0,6546.0,7040.0,7363.0,6831.0,6294.0,5811.0
48,2015-04-25,0,BE,9464.0,8879.0,8279.0,8169.0,8021.0,7940.0,8213.0,8414.0,9065.0,9865.0,10166.0,10252.0,10546.0,10217.0,9860.0,9594.0,9647.0,9575.0,9696.0,9441.0,9298.0,9556.0,9462.0,9597.0
49,2015-04-25,0,PT,5311.0,4866.0,4566.0,4350.0,4244.0,4190.0,4208.0,4019.0,4126.0,4462.0,4830.0,5096.0,5244.0,5329.0,5247.0,5132.0,5065.0,4988.0,4994.0,5145.0,5393.0,5612.0,5632.0,5316.0
50,2015-04-25,0,RO,5568.0,5419.0,5367.0,5399.0,5414.0,5378.0,5562.0,5928.0,6036.0,6037.0,5996.0,5895.0,5874.0,5691.0,5632.0,5657.0,5745.0,5814.0,5932.0,6460.0,6853.0,6379.0,5882.0,5457.0
51,2015-04-26,0,BE,9041.0,8462.0,7894.0,7800.0,7721.0,7734.0,7907.0,7901.0,8296.0,8913.0,9388.0,9639.0,9951.0,9790.0,9354.0,9280.0,9218.0,9190.0,9417.0,9756.0,9764.0,9747.0,9684.0,9669.0
52,2015-04-26,0,PT,4934.0,4575.0,4239.0,4084.0,3949.0,3892.0,3904.0,3720.0,3751.0,3961.0,4374.0,4733.0,5004.0,5146.0,5019.0,4876.0,4742.0,4624.0,4619.0,4682.0,4952.0,5326.0,5496.0,5185.0
53,2015-04-26,0,RO,5131.0,5013.0,4952.0,4985.0,4999.0,4866.0,5076.0,5138.0,5248.0,5243.0,5137.0,5063.0,5022.0,4962.0,5007.0,5042.0,5122.0,5207.0,5460.0,6062.0,6358.0,5905.0,5425.0,5079.0
54,2015-04-27,0,BE,8907.0,8416.0,8122.0,7939.0,7927.0,8320.0,9291.0,10164.0,10851.0,11269.0,11414.0,11655.0,11474.0,11307.0,11308.0,11150.0,11015.0,10930.0,10997.0,10703.0,10470.0,10282.0,10503.0,10517.0
55,2015-04-27,0,PT,4772.0,4442.0,4202.0,4062.0,4022.0,4017.0,4162.0,4230.0,4760.0,5618.0,5958.0,6046.0,6167.0,6017.0,6025.0,6179.0,6108.0,6109.0,5905.0,5787.0,5897.0,6199.0,6237.0,5833.0
56,2015-04-27,0,RO,4893.0,4827.0,4810.0,4846.0,4982.0,5337.0,6086.0,6487.0,6558.0,6502.0,6421.0,6376.0,6491.0,6472.0,6403.0,6317.0,6291.0,6282.0,6398.0,7016.0,7265.0,6633.0,6029.0,5592.0
57,2015-04-28,0,BE,9687.0,9122.0,8711.0,8587.0,8663.0,9022.0,9712.0,10505.0,11069.0,11289.0,11312.0,11378.0,11386.0,11317.0,11103.0,10988.0,10817.0,10843.0,10841.0,10624.0,10361.0,10342.0,10570.0,10615.0
58,2015-04-28,0,PT,5269.0,4853.0,4548.0,4365.0,4315.0,4298.0,4383.0,4396.0,4933.0,5808.0,6069.0,6159.0,6261.0,6160.0,6103.0,6238.0,6173.0,6160.0,5986.0,5853.0,5970.0,6225.0,6343.0,5894.0
59,2015-04-28,0,RO,5451.0,5334.0,5333.0,5410.0,5495.0,5793.0,6346.0,6683.0,6773.0,6828.0,6763.0,6753.0,6888.0,6856.0,6724.0,6645.0,6679.0,6742.0,6957.0,7339.0,7362.0,6686.0,6085.0,5791.0
60,2015-04-29,0,BE,9742.0,9031.0,8851.0,8633.0,8638.0,9007.0,9841.0,10695.0,11211.0,11451.0,11486.0,11499.0,11555.0,11496.0,11440.0,11218.0,11056.0,11031.0,11030.0,10958.0,10617.0,10765.0,10715.0,10557.0
61,2015-04-29,0,PT,5337.0,4872.0,4580.0,4351.0,4357.0,4327.0,4359.0,4384.0,4953.0,5801.0,6043.0,6089.0,6195.0,6034.0,5980.0,6202.0,6198.0,6185.0,6008.0,5907.0,6008.0,6284.0,6391.0,5963.0
62,2015-04-29,0,RO,5553.0,5457.0,5398.0,5466.0,5589.0,5881.0,6326.0,6726.0,6945.0,6938.0,6830.0,6923.0,6991.0,6986.0,6949.0,6854.0,6836.0,6842.0,7049.0,7477.0,7526.0,6903.0,6338.0,5961.0
63,2015-04-30,0,BE,9899.0,9322.0,8950.0,8757.0,8614.0,9127.0,9756.0,10542.0,11117.0,11501.0,11601.0,11662.0,11557.0,11527.0,11239.0,11310.0,11182.0,11043.0,10902.0,10720.0,10357.0,10319.0,10514.0,10595.0
64,2015-04-30,0,PT,5414.0,4847.0,4596.0,4411.0,4413.0,4395.0,4447.0,4409.0,4980.0,5828.0,6065.0,6170.0,6281.0,6126.0,6113.0,6260.0,6212.0,6198.0,6009.0,5849.0,5852.0,6093.0,6233.0,5799.0
65,2015-04-30,0,RO,5704.0,5592.0,5551.0,5568.0,5660.0,5898.0,6508.0,6971.0,7038.0,6982.0,6873.0,6775.0,6778.0,6613.0,6500.0,6460.0,6453.0,6415.0,6522.0,7051.0,7345.0,6867.0,6304.0,5848.0
66,2015-05-01,0,BE,9773.0,9153.0,8698.0,8436.0,8303.0,8285.0,8356.0,8365.0,8670.0,9084.0,9417.0,9597.0,9631.0,9402.0,9026.0,8878.0,8702.0,8699.0,8872.0,8942.0,8895.0,8970.0,9415.0,9637.0
67,2015-05-01,0,PT,5241.0,4854.0,4567.0,4383.0,4264.0,4213.0,4162.0,3987.0,4057.0,4392.0,4697.0,4963.0,5200.0,5321.0,5246.0,5104.0,5000.0,4912.0,4904.0,4889.0,5092.0,5452.0,5617.0,5227.0
68,2015-05-01,0,RO,5548.0,5396.0,5304.0,5316.0,5297.0,5097.0,5251.0,5491.0,5608.0,5606.0,5528.0,5459.0,5417.0,5304.0,5252.0,5236.0,5323.0,5331.0,5490.0,5981.0,6321.0,5904.0,5497.0,5078.0
69,2015-05-02,0,BE,8989.0,8411.0,7926.0,7718.0,7649.0,7742.0,7912.0,8166.0,8850.0,9477.0,9788.0,9835.0,10030.0,9856.0,9570.0,9418.0,9313.0,9392.0,9584.0,9582.0,9389.0,9347.0,9444.0,9446.0
70,2015-05-02,0,PT,4858.0,4490.0,4274.0,4090.0,4009.0,3985.0,3961.0,3839.0,4006.0,4342.0,4731.0,4983.0,5141.0,5225.0,5146.0,5125.0,5011.0,4913.0,4901.0,4980.0,5160.0,5418.0,5529.0,5284.0
71,2015-05-02,0,RO,4865.0,4786.0,4775.0,4799.0,4781.0,4780.0,5019.0,5328.0,5567.0,5686.0,5671.0,5636.0,5616.0,5559.0,5580.0,5628.0,5746.0,5851.0,6078.0,6423.0,6602.0,6108.0,5612.0,5160.0
72,2015-05-03,0,BE,8754.0,8291.0,7816.0,7570.0,7505.0,7644.0,7648.0,7900.0,8283.0,8877.0,9300.0,9503.0,9867.0,9662.0,9385.0,9356.0,9144.0,8966.0,9363.0,9400.0,9254.0,9194.0,9546.0,9446.0
73,2015-05-03,0,PT,4923.0,4560.0,4266.0,4064.0,3945.0,3908.0,3905.0,3707.0,3757.0,4000.0,4405.0,4689.0,4945.0,5097.0,4944.0,4812.0,4709.0,4641.0,4674.0,4812.0,5032.0,5344.0,5545.0,5248.0
74,2015-05-03,0,RO,4932.0,4805.0,4751.0,4746.0,4753.0,4678.0,4761.0,4897.0,4939.0,4932.0,4899.0,4926.0,4889.0,4799.0,4793.0,4862.0,4935.0,5085.0,5308.0,5861.0,6240.0,5818.0,5386.0,5040.0
75,2015-05-04,0,BE,8737.0,8256.0,7943.0,7858.0,7904.0,8260.0,9079.0,9978.0,10684.0,10983.0,11237.0,11384.0,11305.0,11147.0,11179.0,10997.0,10874.0,10832.0,10873.0,10693.0,10567.0,10526.0,10405.0,10247.0
76,2015-05-04,0,PT,4816.0,4497.0,4285.0,4151.0,4087.0,4077.0,4161.0,4259.0,4824.0,5728.0,6097.0,6257.0,6434.0,6267.0,6211.0,6323.0,6241.0,6223.0,6084.0,5967.0,6114.0,6285.0,6376.0,5874.0
77,2015-05-04,0,RO,4769.0,4680.0,4639.0,4692.0,4895.0,5318.0,6106.0,6551.0,6679.0,6630.0,6488.0,6472.0,6581.0,6531.0,6463.0,6371.0,6454.0,6424.0,6553.0,6984.0,7288.0,6687.0,6050.0,5686.0
78,2015-05-05,0,BE,9545.0,9080.0,8514.0,8264.0,8051.0,8528.0,9005.0,10068.0,10735.0,11089.0,11422.0,11438.0,11404.0,11217.0,11145.0,11049.0,10830.0,10732.0,10700.0,10586.0,10459.0,10011.0,10271.0,10244.0
79,2015-05-05,0,PT,5355.0,4935.0,4629.0,4437.0,4371.0,4331.0,4322.0,4362.0,4938.0,5751.0,6035.0,6117.0,6226.0,6109.0,6067.0,6230.0,6161.0,6119.0,5959.0,5833.0,5917.0,6136.0,6314.0,5944.0
80,2015-05-05,0,RO,5478.0,5326.0,5296.0,5319.0,5398.0,5707.0,6291.0,6580.0,6661.0,6582.0,6511.0,6495.0,6590.0,6586.0,6559.0,6496.0,6399.0,6403.0,6444.0,6875.0,7233.0,6715.0,6036.0,5627.0
81,2015-05-06,0,BE,9416.0,8881.0,8359.0,8219.0,8231.0,8606.0,9192.0,10003.0,10644.0,11076.0,11159.0,11349.0,11332.0,11318.0,11140.0,11047.0,10807.0,10834.0,10865.0,10536.0,10277.0,10013.0,10374.0,10455.0
82,2015-05-06,0,PT,5382.0,4934.0,4632.0,4463.0,4383.0,4380.0,4424.0,4396.0,4967.0,5837.0,6059.0,6109.0,6226.0,6044.0,6048.0,6233.0,6194.0,6189.0,5987.0,5912.0,6053.0,6274.0,6401.0,5986.0
83,2015-05-06,0,RO,5405.0,5285.0,5231.0,5248.0,5353.0,5568.0,6218.0,6561.0,6637.0,6606.0,6562.0,6463.0,6572.0,6556.0,6533.0,6415.0,6343.0,6364.0,6443.0,6870.0,7337.0,6771.0,6070.0,5619.0
84,2015-05-07,0,BE,9374.0,9004.0,8503.0,8301.0,8483.0,8760.0,9282.0,10263.0,10942.0,11207.0,11473.0,11558.0,11395.0,11375.0,11445.0,11125.0,10907.0,10880.0,10952.0,10728.0,10449.0,10220.0,10513.0,10422.0
85,2015-05-07,0,PT,5440.0,4969.0,4672.0,4465.0,4344.0,4303.0,4414.0,4430.0,5003.0,5826.0,6053.0,6130.0,6248.0,6087.0,6083.0,6264.0,6238.0,6235.0,6047.0,5912.0,6117.0,6302.0,6408.0,6005.0
86,2015-05-07,0,RO,5422.0,5308.0,5315.0,5368.0,5487.0,5743.0,6261.0,6717.0,6912.0,6875.0,6774.0,6681.0,6614.0,6553.0,6487.0,6423.0,6394.0,6323.0,6510.0,6841.0,7029.0,6612.0,6037.0,5699.0
87,2015-05-08,0,BE,9558.0,9002.0,8639.0,8497.0,8434.0,8691.0,9313.0,10379.0,10937.0,11331.0,11342.0,11438.0,11268.0,11129.0,11236.0,10919.0,10632.0,10726.0,10569.0,10246.0,10151.0,9789.0,10058.0,10046.0
88,2015-05-08,0,PT,5448.0,5005.0,4721.0,4560.0,4501.0,4485.0,4491.0,4554.0,5129.0,5943.0,6164.0,6250.0,6381.0,6220.0,6215.0,6420.0,6345.0,6268.0,6047.0,5944.0,5973.0,6116.0,6303.0,5890.0
89,2015-05-08,0,RO,5492.0,5325.0,5276.0,5340.0,5449.0,5681.0,6272.0,6540.0,6655.0,6566.0,6519.0,6530.0,6555.0,6454.0,6293.0,6268.0,6273.0,6233.0,6355.0,6742.0,7078.0,6676.0,6065.0,5683.0
90,2015-05-09,0,BE,9393.0,8778.0,8214.0,8060.0,7859.0,7919.0,7831.0,8199.0,8825.0,9548.0,9948.0,9931.0,9944.0,9701.0,9483.0,9412.0,9469.0,9355.0,9398.0,9376.0,9156.0,8987.0,9258.0,9367.0
91,2015-05-09,0,PT,5430.0,4957.0,4632.0,4423.0,4341.0,4300.0,4258.0,4038.0,4210.0,4687.0,4973.0,5094.0,5286.0,5365.0,5269.0,5202.0,5128.0,5041.0,4999.0,5026.0,5208.0,5436.0,5634.0,5311.0
92,2015-05-09,0,RO,5348.0,5210.0,5132.0,5145.0,5058.0,5053.0,5374.0,5678.0,5884.0,5956.0,5931.0,5880.0,5828.0,5712.0,5630.0,5676.0,5684.0,5745.0,5856.0,6169.0,6603.0,6280.0,5685.0,5199.0
93,2015-05-10,0,BE,8775.0,8324.0,7817.0,7613.0,7509.0,7573.0,7386.0,7707.0,8394.0,8876.0,9177.0,9343.0,9381.0,9060.0,8770.0,8555.0,8352.0,8496.0,8592.0,8809.0,8993.0,8957.0,9277.0,9230.0
94,2015-05-10,0,PT,4962.0,4574.0,4277.0,4070.0,3952.0,3930.0,3888.0,3685.0,3807.0,4043.0,4406.0,4717.0,4978.0,5087.0,4967.0,4825.0,4700.0,4635.0,4627.0,4699.0,4857.0,5187.0,5522.0,5297.0
95,2015-05-10,0,RO,5002.0,4868.0,4852.0,4871.0,4764.0,4611.0,4733.0,4917.0,4996.0,5129.0,5124.0,5211.0,5188.0,5069.0,5005.0,5094.0,5123.0,5240.0,5454.0,5856.0,6209.0,5751.0,5279.0,4868.0
96,2015-05-11,0,BE,8517.0,8163.0,7819.0,7695.0,7835.0,8199.0,8811.0,9890.0,10515.0,10986.0,11109.0,11225.0,11189.0,11085.0,10967.0,10935.0,10796.0,10821.0,10741.0,10553.0,10141.0,9832.0,10186.0,9981.0
97,2015-05-11,0,PT,4860.0,4442.0,4248.0,4140.0,4094.0,4081.0,4144.0,4207.0,4717.0,5584.0,5890.0,6009.0,6166.0,6052.0,6051.0,6312.0,6323.0,6310.0,6115.0,5927.0,5905.0,6016.0,6189.0,5805.0
98,2015-05-11,0,RO,4657.0,4592.0,4597.0,4674.0,4779.0,5121.0,5810.0,6286.0,6478.0,6422.0,6343.0,6478.0,6589.0,6458.0,6318.0,6245.0,6258.0,6196.0,6316.0,6638.0,6968.0,6469.0,5888.0,5534.0
99,2015-05-12,0,BE,9187.0,8723.0,8445.0,8274.0,8227.0,8535.0,8975.0,10061.0,10703.0,11034.0,11105.0,11264.0,11128.0,11137.0,10973.0,10805.0,10777.0,10676.0,10696.0,10349.0,10137.0,9940.0,10267.0,10085.0
100,2015-05-12,0,PT,5274.0,4919.0,4629.0,4474.0,4410.0,4377.0,4425.0,4371.0,4937.0,5793.0,6031.0,6174.0,6317.0,6190.0,6153.0,6412.0,6418.0,6407.0,6244.0,6103.0,6111.0,6231.0,6364.0,5998.0
101,2015-05-12,0,RO,5292.0,5203.0,5150.0,5199.0,5286.0,5549.0,6134.0,6381.0,6476.0,6473.0,6387.0,6391.0,6559.0,6533.0,6370.0,6271.0,6218.0,6180.0,6296.0,6600.0,7016.0,6595.0,5931.0,5611.0
102,2015-05-13,0,BE,9291.0,8739.0,8339.0,8240.0,8136.0,8615.0,9004.0,10014.0,10722.0,11114.0,11305.0,11300.0,11176.0,11204.0,10984.0,10900.0,10825.0,10572.0,10548.0,10263.0,9834.0,9545.0,9912.0,10002.0
103,2015-05-13,0,PT,5495.0,5042.0,4771.0,4615.0,4538.0,4477.0,4500.0,4517.0,5064.0,5926.0,6225.0,6321.0,6471.0,6389.0,6387.0,6591.0,6547.0,6511.0,6315.0,6180.0,6216.0,6231.0,6383.0,5987.0
104,2015-05-13,0,RO,5334.0,5147.0,5181.0,5201.0,5218.0,5506.0,6125.0,6476.0,6544.0,6544.0,6461.0,6384.0,6483.0,6464.0,6402.0,6322.0,6240.0,6234.0,6332.0,6636.0,7082.0,6656.0,5949.0,5554.0
105,2015-05-14,0,BE,9206.0,8663.0,8182.0,8012.0,7933.0,7731.0,7527.0,7860.0,8150.0,8609.0,8810.0,9091.0,9316.0,9386.0,8939.0,8832.0,8693.0,8967.0,9314.0,9345.0,9145.0,8858.0,9290.0,9207.0
106,2015-05-14,0,PT,5477.0,5041.0,4744.0,4585.0,4509.0,4507.0,4492.0,4512.0,5047.0,5817.0,6077.0,6186.0,6275.0,6102.0,6100.0,6256.0,6214.0,6193.0,5998.0,5903.0,5925.0,6029.0,6269.0,5912.0
107,2015-05-14,0,RO,5322.0,5167.0,5163.0,5245.0,5317.0,5523.0,6141.0,6477.0,6673.0,6716.0,6666.0,6609.0,6721.0,6649.0,6500.0,6387.0,6408.0,6367.0,6477.0,6752.0,7085.0,6702.0,6003.0,5489.0
108,2015-05-15,0,BE,8604.0,8105.0,7816.0,7600.0,7672.0,7708.0,8057.0,8524.0,9098.0,9687.0,9935.0,10155.0,10370.0,10003.0,9682.0,9659.0,9516.0,9574.0,9624.0,9501.0,9301.0,9061.0,9494.0,9558.0
109,2015-05-15,0,PT,5379.0,4972.0,4718.0,4548.0,4437.0,4426.0,4451.0,4468.0,5024.0,5835.0,6031.0,6094.0,6206.0,6053.0,6062.0,6243.0,6242.0,6167.0,5891.0,5835.0,5882.0,5961.0,6122.0,5754.0
110,2015-05-15,0,RO,5274.0,5162.0,5141.0,5176.0,5201.0,5402.0,5926.0,6332.0,6430.0,6425.0,6395.0,6417.0,6474.0,6453.0,6437.0,6365.0,6315.0,6277.0,6348.0,6680.0,6980.0,6580.0,6007.0,5564.0
111,2015-05-16,0,BE,8918.0,8291.0,7962.0,7818.0,7691.0,7750.0,7819.0,8150.0,8633.0,9348.0,9810.0,10025.0,10236.0,10197.0,9856.0,9746.0,9573.0,9516.0,9613.0,9328.0,9140.0,8946.0,9202.0,9271.0
112,2015-05-16,0,PT,5355.0,4940.0,4644.0,4429.0,4331.0,4282.0,4191.0,4030.0,4263.0,4646.0,4946.0,5186.0,5339.0,5398.0,5297.0,5297.0,5234.0,5140.0,5116.0,5124.0,5260.0,5377.0,5639.0,5351.0
113,2015-05-16,0,RO,5289.0,5139.0,5139.0,5147.0,5038.0,5009.0,5294.0,5620.0,5884.0,5943.0,5982.0,5953.0,5901.0,5809.0,5719.0,5744.0,5785.0,5809.0,5853.0,6096.0,6570.0,6311.0,5728.0,5264.0
114,2015-05-17,0,BE,8533.0,8006.0,7591.0,7524.0,7416.0,7533.0,7408.0,7719.0,8112.0,8583.0,9012.0,9188.0,9391.0,9161.0,8826.0,8592.0,8425.0,8582.0,8834.0,8972.0,8951.0,8847.0,9158.0,9264.0
115,2015-05-17,0,PT,5019.0,4674.0,4395.0,4173.0,4078.0,4020.0,3949.0,3760.0,3898.0,4174.0,4479.0,4708.0,4940.0,5124.0,5012.0,4895.0,4794.0,4771.0,4785.0,4849.0,4970.0,5188.0,5544.0,5356.0
116,2015-05-17,0,RO,5024.0,4823.0,4765.0,4767.0,4709.0,4565.0,4671.0,4956.0,5147.0,5147.0,5142.0,5146.0,5143.0,5071.0,5029.0,4987.0,4952.0,5135.0,5306.0,5663.0,6172.0,5929.0,5365.0,4915.0
117,2015-05-18,0,BE,8545.0,8041.0,7720.0,7658.0,7634.0,7957.0,8741.0,9861.0,10559.0,10934.0,10979.0,11198.0,11135.0,10986.0,10935.0,10813.0,10769.0,10716.0,11005.0,10876.0,10498.0,10143.0,10226.0,10165.0
118,2015-05-18,0,PT,4971.0,4588.0,4362.0,4214.0,4158.0,4160.0,4201.0,4249.0,4814.0,5661.0,6026.0,6206.0,6374.0,6241.0,6236.0,6428.0,6397.0,6372.0,6189.0,6048.0,6021.0,6026.0,6285.0,5926.0
119,2015-05-18,0,RO,4709.0,4604.0,4607.0,4649.0,4723.0,5193.0,5876.0,6329.0,6476.0,6521.0,6482.0,6489.0,6610.0,6548.0,6425.0,6331.0,6320.0,6271.0,6322.0,6572.0,7052.0,6654.0,5924.0,5501.0
120,2015-05-19,0,BE,9302.0,8811.0,8384.0,8268.0,8245.0,8657.0,9086.0,10199.0,10752.0,11094.0,11181.0,11355.0,11324.0,11400.0,11084.0,10821.0,11086.0,10897.0,10917.0,10604.0,10378.0,10046.0,10371.0,10390.0
121,2015-05-19,0,PT,5401.0,4963.0,4726.0,4579.0,4478.0,4474.0,4463.0,4456.0,4924.0,5656.0,5969.0,6080.0,6197.0,6051.0,5982.0,6119.0,6105.0,6222.0,6067.0,5929.0,5960.0,6007.0,6152.0,5875.0
122,2015-05-19,0,RO,5295.0,5198.0,5139.0,5155.0,5184.0,5505.0,6033.0,6393.0,6553.0,6568.0,6521.0,6583.0,6672.0,6630.0,6600.0,6546.0,6496.0,6461.0,6450.0,6671.0,7100.0,6658.0,5923.0,5491.0
123,2015-05-20,0,BE,9448.0,8861.0,8602.0,8311.0,8293.0,8713.0,9208.0,10240.0,10839.0,11263.0,11374.0,11460.0,11402.0,11225.0,11289.0,11121.0,10985.0,10820.0,10823.0,10584.0,10268.0,10026.0,10361.0,10233.0
124,2015-05-20,0,PT,5374.0,4915.0,4647.0,4493.0,4434.0,4416.0,4401.0,4392.0,4952.0,5693.0,6007.0,6110.0,6214.0,6060.0,6076.0,6271.0,6241.0,6242.0,6066.0,5919.0,5975.0,6021.0,6211.0,5887.0
125,2015-05-20,0,RO,5270.0,5178.0,5215.0,5226.0,5257.0,5596.0,6193.0,6565.0,6708.0,6765.0,6710.0,6711.0,6835.0,6835.0,6727.0,6700.0,6616.0,6596.0,6587.0,6816.0,7229.0,6839.0,6099.0,5636.0
126,2015-05-21,0,BE,9477.0,8809.0,8433.0,8298.0,8403.0,8645.0,9191.0,10195.0,10745.0,11108.0,11208.0,11341.0,11250.0,11171.0,11002.0,10936.0,10833.0,10897.0,10846.0,10625.0,10393.0,9978.0,10321.0,10357.0
127,2015-05-21,0,PT,5408.0,4949.0,4661.0,4501.0,4443.0,4422.0,4424.0,4371.0,4953.0,5762.0,6050.0,6131.0,6242.0,6083.0,6077.0,6263.0,6257.0,6261.0,6099.0,5971.0,5999.0,6029.0,6288.0,5941.0
128,2015-05-21,0,RO,5390.0,5360.0,5330.0,5288.0,5284.0,5530.0,5974.0,6303.0,6418.0,6361.0,6277.0,6337.0,6516.0,6492.0,6496.0,6401.0,6406.0,6350.0,6323.0,6575.0,6975.0,6666.0,6003.0,5589.0
129,2015-05-22,0,BE,9530.0,9000.0,8531.0,8447.0,8519.0,8724.0,9139.0,10352.0,10851.0,11288.0,11317.0,11480.0,11378.0,11273.0,11035.0,10823.0,10657.0,10622.0,10433.0,10173.0,9844.0,9571.0,9953.0,10027.0
130,2015-05-22,0,PT,5431.0,4975.0,4701.0,4494.0,4430.0,4419.0,4416.0,4440.0,5018.0,5801.0,6040.0,6152.0,6257.0,6097.0,6070.0,6296.0,6273.0,6219.0,6023.0,5917.0,5933.0,5931.0,6150.0,5839.0
131,2015-05-22,0,RO,5403.0,5316.0,5230.0,5235.0,5257.0,5688.0,6219.0,6589.0,6740.0,6870.0,6655.0,6688.0,6793.0,6745.0,6666.0,6633.0,6576.0,6589.0,6568.0,6728.0,7094.0,6727.0,6107.0,5678.0
132,2015-05-23,0,BE,9281.0,8707.0,8327.0,8107.0,7907.0,7808.0,7742.0,8103.0,8769.0,9420.0,9835.0,9969.0,10025.0,9784.0,9536.0,9474.0,9510.0,9566.0,9676.0,9523.0,9198.0,8877.0,9271.0,9329.0
133,2015-05-23,0,PT,5392.0,4984.0,4686.0,4505.0,4363.0,4298.0,4120.0,3980.0,4216.0,4628.0,4925.0,5158.0,5245.0,5294.0,5171.0,5148.0,5103.0,5047.0,4980.0,5065.0,5142.0,5197.0,5526.0,5327.0
134,2015-05-23,0,RO,5388.0,5248.0,5235.0,5189.0,5123.0,5079.0,5293.0,5692.0,5968.0,6065.0,6055.0,5947.0,6016.0,5894.0,5833.0,5821.0,5831.0,5856.0,5888.0,6038.0,6444.0,6293.0,5754.0,5252.0
135,2015-05-24,0,BE,8698.0,8315.0,7868.0,7648.0,7507.0,7519.0,7438.0,7672.0,8142.0,8701.0,9084.0,9209.0,9414.0,9160.0,8741.0,8628.0,8347.0,8463.0,8651.0,8810.0,8801.0,8689.0,9143.0,8904.0
136,2015-05-24,0,PT,4950.0,4568.0,4321.0,4154.0,4065.0,3996.0,3899.0,3691.0,3834.0,4165.0,4457.0,4742.0,4910.0,5037.0,4925.0,4770.0,4689.0,4628.0,4635.0,4718.0,4890.0,5057.0,5469.0,5319.0
137,2015-05-24,0,RO,5003.0,4900.0,4833.0,4793.0,4656.0,4630.0,4738.0,4941.0,5020.0,5113.0,5163.0,5237.0,5224.0,5167.0,5110.0,5164.0,5260.0,5327.0,5410.0,5675.0,6143.0,5895.0,5484.0,5066.0
138,2015-05-25,0,BE,8395.0,7952.0,7652.0,7513.0,7391.0,7430.0,7346.0,7605.0,7928.0,8330.0,8964.0,9155.0,9505.0,9265.0,8943.0,8780.0,8711.0,8876.0,9139.0,9146.0,8968.0,8925.0,9276.0,9219.0
139,2015-05-25,0,PT,4934.0,4611.0,4363.0,4215.0,4133.0,4075.0,4142.0,4205.0,4784.0,5623.0,5928.0,6060.0,6211.0,6107.0,6141.0,6309.0,6310.0,6313.0,6129.0,5999.0,6022.0,6035.0,6233.0,5866.0
140,2015-05-25,0,RO,4884.0,4724.0,4730.0,4760.0,4827.0,5175.0,5889.0,6253.0,6440.0,6497.0,6480.0,6486.0,6607.0,6649.0,6585.0,6479.0,6495.0,6406.0,6448.0,6674.0,6910.0,6566.0,5939.0,5565.0
141,2015-05-26,0,BE,8531.0,8047.0,7692.0,7620.0,7650.0,8072.0,8663.0,9804.0,10452.0,10845.0,11087.0,11178.0,11152.0,11015.0,10926.0,10971.0,10926.0,10784.0,10843.0,10471.0,10151.0,9878.0,10001.0,10022.0
142,2015-05-26,0,PT,5341.0,4981.0,4693.0,4551.0,4447.0,4417.0,4395.0,4371.0,4988.0,5839.0,6130.0,6287.0,6433.0,6289.0,6266.0,6501.0,6520.0,6509.0,6357.0,6197.0,6194.0,6210.0,6403.0,6067.0
143,2015-05-26,0,RO,5357.0,5343.0,5333.0,5366.0,5401.0,5576.0,6129.0,6476.0,6609.0,6683.0,6609.0,6563.0,6674.0,6607.0,6552.0,6517.0,6497.0,6469.0,6500.0,6688.0,7031.0,6683.0,6028.0,5548.0
144,2015-05-27,0,BE,9269.0,8724.0,8344.0,8279.0,8250.0,8511.0,9137.0,10082.0,10826.0,11098.0,11272.0,11403.0,11212.0,11104.0,11003.0,10972.0,10828.0,10673.0,10664.0,10399.0,10099.0,9739.0,10006.0,10008.0
145,2015-05-27,0,PT,5541.0,5093.0,4813.0,4644.0,4564.0,4555.0,4529.0,4525.0,5076.0,5926.0,6187.0,6307.0,6451.0,6386.0,6380.0,6616.0,6636.0,6635.0,6454.0,6277.0,6270.0,6234.0,6416.0,6108.0
146,2015-05-27,0,RO,5346.0,5244.0,5180.0,5212.0,5243.0,5551.0,6119.0,6499.0,6712.0,6684.0,6640.0,6542.0,6680.0,6624.0,6533.0,6542.0,6518.0,6565.0,6583.0,6762.0,7064.0,6536.0,5879.0,5518.0
147,2015-05-28,0,BE,9171.0,8567.0,8222.0,8081.0,8104.0,8267.0,8734.0,9727.0,10463.0,10886.0,11059.0,11238.0,11230.0,11071.0,10943.0,10909.0,10668.0,10631.0,10607.0,10392.0,10089.0,9850.0,10012.0,10005.0
148,2015-05-28,0,PT,5595.0,5141.0,4850.0,4564.0,4565.0,4532.0,4533.0,4520.0,5137.0,5941.0,6238.0,6420.0,6589.0,6449.0,6390.0,6656.0,6659.0,6663.0,6438.0,6309.0,6317.0,6267.0,6384.0,6111.0
149,2015-05-28,0,RO,5284.0,5146.0,5108.0,5121.0,5257.0,5535.0,6184.0,6618.0,6709.0,6664.0,6607.0,6581.0,6657.0,6619.0,6495.0,6504.0,6489.0,6452.0,6527.0,6812.0,7091.0,6692.0,6077.0,5617.0
150,2015-05-29,0,BE,9256.0,8601.0,8231.0,8060.0,8189.0,8506.0,8962.0,10040.0,10732.0,11146.0,11148.0,11259.0,11288.0,11050.0,10927.0,10648.0,10478.0,10601.0,10734.0,10599.0,10364.0,9997.0,10052.0,10065.0
151,2015-05-29,0,PT,5600.0,5157.0,4857.0,4688.0,4612.0,4569.0,4529.0,4598.0,5217.0,5952.0,6222.0,6358.0,6499.0,6415.0,6416.0,6605.0,6568.0,6479.0,6253.0,6082.0,6077.0,6062.0,6244.0,5972.0
152,2015-05-29,0,RO,5370.0,5257.0,5247.0,5248.0,5247.0,5455.0,6088.0,6486.0,6658.0,6633.0,6584.0,6614.0,6599.0,6451.0,6319.0,6246.0,6276.0,6263.0,6282.0,6389.0,6856.0,6697.0,6051.0,5515.0
153,2015-05-30,0,BE,9259.0,8631.0,8201.0,7941.0,7844.0,7858.0,7608.0,8077.0,8773.0,9564.0,9889.0,9822.0,9894.0,9759.0,9530.0,9403.0,9411.0,9326.0,9445.0,9291.0,9036.0,8857.0,9136.0,9307.0
154,2015-05-30,0,PT,5521.0,5083.0,4735.0,4587.0,4470.0,4418.0,4302.0,4138.0,4399.0,4798.0,5100.0,5291.0,5411.0,5453.0,5365.0,5310.0,5259.0,5195.0,5144.0,5179.0,5273.0,5271.0,5545.0,5326.0
155,2015-05-30,0,RO,5274.0,5108.0,5041.0,5043.0,4924.0,4891.0,5154.0,5391.0,5501.0,5562.0,5551.0,5607.0,5644.0,5548.0,5524.0,5540.0,5578.0,5658.0,5709.0,5853.0,6296.0,6245.0,5744.0,5237.0
156,2015-05-31,0,BE,8661.0,8231.0,7716.0,7589.0,7482.0,7543.0,7304.0,7647.0,8036.0,8623.0,8930.0,9356.0,9672.0,9520.0,9062.0,8958.0,9004.0,9039.0,9408.0,9474.0,9344.0,9257.0,9090.0,9159.0
157,2015-05-31,0,PT,4979.0,4673.0,4391.0,4227.0,4119.0,4054.0,3950.0,3775.0,3916.0,4203.0,4464.0,4739.0,4939.0,5027.0,4927.0,4783.0,4696.0,4677.0,4692.0,4776.0,4880.0,5066.0,5471.0,5345.0
158,2015-05-31,0,RO,4917.0,4766.0,4653.0,4672.0,4505.0,4440.0,4499.0,4684.0,4842.0,4864.0,4878.0,4894.0,4904.0,4916.0,4809.0,4773.0,4915.0,5039.0,5089.0,5283.0,5750.0,5748.0,5269.0,4892.0
159,2015-06-01,0,BE,8562.0,8192.0,7898.0,7676.0,7724.0,8165.0,8728.0,9907.0,10565.0,11009.0,11154.0,11243.0,11060.0,10957.0,10894.0,10692.0,10553.0,10662.0,10801.0,10553.0,10217.0,9806.0,10054.0,10070.0
160,2015-06-01,0,PT,4945.0,4537.0,4366.0,4166.0,4168.0,4181.0,4160.0,4241.0,4843.0,5664.0,5962.0,6106.0,6246.0,6114.0,6077.0,6244.0,6288.0,6320.0,6162.0,5942.0,5969.0,5974.0,6159.0,5839.0
161,2015-06-01,0,RO,4684.0,4576.0,4557.0,4618.0,4519.0,4544.0,4742.0,4953.0,5155.0,5261.0,5261.0,5295.0,5321.0,5318.0,5291.0,5293.0,5359.0,5451.0,5501.0,5675.0,6172.0,6061.0,5475.0,5035.0
162,2015-06-02,0,BE,9169.0,8635.0,8256.0,8060.0,7976.0,8174.0,8709.0,10019.0,10737.0,11181.0,11328.0,11477.0,11304.0,11213.0,11201.0,11011.0,10934.0,10931.0,10950.0,10559.0,10305.0,9855.0,10048.0,10051.0
163,2015-06-02,0,PT,5344.0,4992.0,4733.0,4595.0,4502.0,4490.0,4445.0,4427.0,5000.0,5827.0,6071.0,6199.0,6330.0,6262.0,6219.0,6450.0,6442.0,6444.0,6254.0,6114.0,6129.0,6104.0,6298.0,6017.0
164,2015-06-02,0,RO,4826.0,4702.0,4687.0,4743.0,4759.0,5203.0,6024.0,6428.0,6588.0,6632.0,6663.0,6742.0,6882.0,6880.0,6858.0,6715.0,6683.0,6646.0,6626.0,6734.0,7120.0,7024.0,6232.0,5701.0
165,2015-06-03,0,BE,9331.0,8747.0,8484.0,8233.0,8250.0,8502.0,9034.0,10140.0,10904.0,11182.0,11349.0,11366.0,11331.0,11302.0,11209.0,11044.0,11037.0,10924.0,10914.0,10608.0,10184.0,9867.0,10048.0,10058.0
166,2015-06-03,0,PT,5516.0,5069.0,4808.0,4657.0,4585.0,4545.0,4517.0,4515.0,5093.0,5921.0,6160.0,6288.0,6448.0,6401.0,6408.0,6641.0,6674.0,6635.0,6483.0,6281.0,6267.0,6164.0,6321.0,6119.0
167,2015-06-03,0,RO,5482.0,5322.0,5284.0,5326.0,5319.0,5618.0,6291.0,6671.0,6792.0,6885.0,6853.0,6921.0,7080.0,7021.0,6903.0,6838.0,6808.0,6759.0,6705.0,6854.0,7202.0,6995.0,6273.0,5783.0
168,2015-06-04,0,BE,9258.0,8726.0,8348.0,8215.0,8231.0,8457.0,9086.0,10060.0,10791.0,11066.0,11310.0,11362.0,11303.0,11052.0,11085.0,11031.0,10871.0,10911.0,10872.0,10489.0,10208.0,9844.0,9916.0,10083.0
169,2015-06-04,0,PT,5611.0,5136.0,4867.0,4721.0,4603.0,4566.0,4534.0,4557.0,5134.0,5967.0,6234.0,6368.0,6525.0,6394.0,6428.0,6645.0,6652.0,6664.0,6453.0,6284.0,6246.0,6213.0,6404.0,6044.0
170,2015-06-04,0,RO,5486.0,5404.0,5342.0,5379.0,5335.0,5669.0,6296.0,6684.0,6803.0,6864.0,6895.0,6998.0,7035.0,6976.0,6868.0,6796.0,6764.0,6718.0,6672.0,6828.0,7049.0,6780.0,6125.0,5703.0
171,2015-06-05,0,BE,9261.0,8721.0,8255.0,8193.0,8152.0,8336.0,8730.0,9969.0,10767.0,11234.0,11506.0,11659.0,11549.0,11356.0,11288.0,11017.0,10904.0,10824.0,10842.0,10435.0,10218.0,9670.0,9622.0,9587.0
172,2015-06-05,0,PT,5610.0,5177.0,4890.0,4739.0,4629.0,4611.0,4585.0,4622.0,5258.0,5976.0,6250.0,6383.0,6538.0,6430.0,6447.0,6702.0,6706.0,6621.0,6380.0,6190.0,6130.0,6105.0,6286.0,6049.0
173,2015-06-05,0,RO,5525.0,5516.0,5416.0,5459.0,5412.0,5739.0,6361.0,6743.0,6925.0,6923.0,6911.0,6825.0,6901.0,6783.0,6701.0,6711.0,6699.0,6631.0,6677.0,6688.0,7053.0,6966.0,6413.0,5883.0
174,2015-06-06,0,BE,8938.0,8486.0,8116.0,7808.0,7679.0,7666.0,7567.0,8092.0,8714.0,9299.0,9760.0,9851.0,9916.0,9720.0,9416.0,9229.0,9131.0,9129.0,9183.0,9075.0,8875.0,8728.0,8854.0,8978.0
175,2015-06-06,0,PT,5597.0,5194.0,4878.0,4660.0,4510.0,4441.0,4342.0,4179.0,4469.0,4854.0,5189.0,5412.0,5566.0,5642.0,5496.0,5480.0,5508.0,5455.0,5386.0,5433.0,5550.0,5556.0,5738.0,5621.0
176,2015-06-06,0,RO,5614.0,5419.0,5356.0,5299.0,5121.0,5138.0,5470.0,5852.0,6024.0,6016.0,6098.0,6077.0,6038.0,5977.0,5918.0,5951.0,5999.0,5953.0,5996.0,6077.0,6464.0,6462.0,5895.0,5446.0
177,2015-06-07,0,BE,8378.0,7939.0,7566.0,7441.0,7309.0,7293.0,7177.0,7453.0,7989.0,8653.0,8947.0,9113.0,9376.0,9071.0,8801.0,8528.0,8431.0,8601.0,8780.0,8896.0,8856.0,8812.0,8980.0,9015.0
178,2015-06-07,0,PT,5233.0,4856.0,4572.0,4356.0,4230.0,4169.0,4081.0,3925.0,4108.0,4375.0,4672.0,4918.0,5136.0,5257.0,5186.0,5093.0,4999.0,4934.0,4899.0,4991.0,5121.0,5227.0,5548.0,5439.0
179,2015-06-07,0,RO,5172.0,4945.0,4904.0,4852.0,4703.0,4697.0,4791.0,5012.0,5121.0,5218.0,5240.0,5266.0,5312.0,5258.0,5249.0,5351.0,5398.0,5381.0,5487.0,5633.0,6115.0,6068.0,5559.0,5088.0
180,2015-06-08,0,BE,8245.0,7917.0,7628.0,7597.0,7635.0,7861.0,8458.0,9698.0,10381.0,10869.0,11115.0,11337.0,11249.0,11052.0,11044.0,10919.0,10826.0,10623.0,10648.0,10450.0,10024.0,9593.0,9660.0,9689.0
181,2015-06-08,0,PT,5070.0,4767.0,4514.0,4367.0,4274.0,4281.0,4294.0,4324.0,4914.0,5797.0,6231.0,6470.0,6674.0,6595.0,6560.0,6744.0,6764.0,6822.0,6641.0,6472.0,6449.0,6338.0,6410.0,6195.0
182,2015-06-08,0,RO,4863.0,4815.0,4822.0,4874.0,4866.0,5219.0,5987.0,6458.0,6621.0,6776.0,6768.0,6795.0,6925.0,6822.0,6815.0,6761.0,6704.0,6675.0,6646.0,6748.0,6931.0,6877.0,6229.0,5833.0
183,2015-06-09,0,BE,8924.0,8568.0,8256.0,8140.0,8151.0,8334.0,8957.0,9872.0,10575.0,10934.0,10985.0,11073.0,11128.0,11012.0,10859.0,10882.0,10715.0,10667.0,10704.0,10323.0,10005.0,9660.0,9752.0,9873.0
184,2015-06-09,0,PT,5697.0,5266.0,4962.0,4819.0,4730.0,4686.0,4630.0,4620.0,5188.0,6065.0,6413.0,6643.0,6834.0,6769.0,6747.0,6914.0,6869.0,6849.0,6645.0,6444.0,6343.0,6233.0,6389.0,6140.0
185,2015-06-09,0,RO,5572.0,5431.0,5354.0,5364.0,5337.0,5591.0,6194.0,6566.0,6753.0,6833.0,6781.0,6803.0,6962.0,6922.0,6822.0,6820.0,6760.0,6718.0,6674.0,6714.0,7133.0,6905.0,6185.0,5729.0
186,2015-06-10,0,BE,9150.0,8565.0,8273.0,8201.0,8162.0,8292.0,8855.0,9904.0,10691.0,11050.0,11229.0,11254.0,11364.0,11188.0,11009.0,10963.0,10778.0,10752.0,10677.0,10399.0,10054.0,9727.0,9709.0,9832.0
187,2015-06-10,0,PT,5669.0,5204.0,4904.0,4717.0,4591.0,4525.0,4399.0,4170.0,4307.0,4636.0,4953.0,5189.0,5377.0,5471.0,5318.0,5195.0,5096.0,5081.0,5075.0,5123.0,5303.0,5395.0,5608.0,5467.0
188,2015-06-10,0,RO,5457.0,5372.0,5318.0,5342.0,5287.0,5567.0,6087.0,6543.0,6733.0,6837.0,6876.0,6948.0,7118.0,7052.0,7060.0,6913.0,6744.0,6641.0,6626.0,6771.0,7046.0,6827.0,6161.0,5719.0
189,2015-06-11,0,BE,9137.0,8698.0,8365.0,8312.0,8336.0,8392.0,8881.0,10084.0,10725.0,11122.0,11301.0,11471.0,11367.0,11367.0,11198.0,11120.0,11015.0,10940.0,10869.0,10523.0,10257.0,9797.0,10025.0,9958.0
190,2015-06-11,0,PT,5089.0,4770.0,4466.0,4382.0,4313.0,4280.0,4289.0,4321.0,4925.0,5778.0,6048.0,6172.0,6309.0,6157.0,6126.0,6327.0,6309.0,6307.0,6120.0,5966.0,5911.0,5927.0,6125.0,5927.0
191,2015-06-11,0,RO,5485.0,5347.0,5307.0,5299.0,5271.0,5631.0,6181.0,6611.0,6794.0,6808.0,6786.0,6840.0,7010.0,6996.0,6921.0,6751.0,6761.0,6694.0,6681.0,6793.0,7062.0,6948.0,6299.0,5849.0
192,2015-06-12,0,BE,9162.0,8841.0,8414.0,8301.0,8111.0,8289.0,8748.0,10020.0,10796.0,11222.0,11436.0,11644.0,11539.0,11249.0,11453.0,11324.0,11128.0,10929.0,10752.0,10382.0,10128.0,9706.0,9791.0,9832.0
193,2015-06-12,0,PT,5447.0,4995.0,4732.0,4587.0,4499.0,4458.0,4439.0,4448.0,5025.0,5748.0,6046.0,6148.0,6258.0,6092.0,6065.0,6270.0,6230.0,6173.0,5945.0,5828.0,5811.0,5766.0,5943.0,5732.0
194,2015-06-12,0,RO,5557.0,5458.0,5350.0,5326.0,5341.0,5618.0,6150.0,6622.0,6725.0,6878.0,6922.0,7026.0,7141.0,7079.0,7034.0,6873.0,6764.0,6681.0,6607.0,6696.0,6955.0,6944.0,6312.0,5875.0
195,2015-06-13,0,BE,9017.0,8533.0,8077.0,7912.0,7906.0,7616.0,7663.0,7998.0,8672.0,9421.0,9765.0,9924.0,9907.0,9556.0,9430.0,9372.0,9155.0,9255.0,9296.0,9095.0,8846.0,8683.0,8692.0,8906.0
196,2015-06-13,0,PT,5329.0,4936.0,4660.0,4467.0,4340.0,4294.0,4180.0,3986.0,4237.0,4555.0,4862.0,5105.0,5222.0,5279.0,5167.0,5109.0,5043.0,4957.0,4908.0,4974.0,5136.0,5195.0,5323.0,5166.0
197,2015-06-13,0,RO,5571.0,5419.0,5334.0,5296.0,5213.0,5215.0,5494.0,5889.0,6155.0,6260.0,6333.0,6389.0,6359.0,6240.0,6173.0,6135.0,6132.0,6130.0,6163.0,6180.0,6486.0,6554.0,6034.0,5477.0
198,2015-06-14,0,BE,8425.0,8029.0,7523.0,7495.0,7405.0,7310.0,7237.0,7556.0,8053.0,8561.0,9043.0,9323.0,9452.0,9186.0,8790.0,8724.0,8566.0,8624.0,8798.0,8972.0,9021.0,8777.0,9000.0,8973.0
199,2015-06-14,0,PT,4832.0,4507.0,4284.0,4130.0,4014.0,3978.0,3853.0,3659.0,3787.0,3970.0,4277.0,4617.0,4870.0,5001.0,4887.0,4730.0,4633.0,4546.0,4551.0,4594.0,4745.0,4885.0,5236.0,5184.0
200,2015-06-14,0,RO,5199.0,5031.0,4992.0,4917.0,4768.0,4676.0,4822.0,4971.0,5262.0,5407.0,5487.0,5629.0,5642.0,5577.0,5683.0,5640.0,5708.0,5688.0,5631.0,5772.0,6106.0,6130.0,5608.0,5234.0
201,2015-06-15,0,BE,8288.0,7993.0,7599.0,7632.0,7557.0,7836.0,8421.0,9660.0,10342.0,10882.0,11200.0,11434.0,11302.0,11089.0,10972.0,10816.0,10669.0,10684.0,10692.0,10431.0,9949.0,9539.0,9538.0,9718.0
202,2015-06-15,0,PT,4790.0,4482.0,4219.0,4139.0,4056.0,4031.0,4063.0,4091.0,4611.0,5491.0,5799.0,5968.0,6116.0,5990.0,5980.0,6206.0,6196.0,6189.0,6018.0,5820.0,5842.0,5845.0,6032.0,5827.0
203,2015-06-15,0,RO,4954.0,4875.0,4855.0,4864.0,4843.0,5278.0,6079.0,6657.0,6950.0,7029.0,6965.0,7057.0,7188.0,7073.0,6999.0,6937.0,6864.0,6806.0,6794.0,6824.0,7187.0,6987.0,6339.0,5843.0
204,2015-06-16,0,BE,8944.0,8478.0,8171.0,8045.0,8087.0,8336.0,8804.0,9895.0,10596.0,10925.0,11144.0,11327.0,11180.0,11047.0,11009.0,11031.0,10782.0,10737.0,10581.0,10431.0,10194.0,9665.0,9716.0,9831.0
205,2015-06-16,0,PT,5363.0,4949.0,4686.0,4518.0,4419.0,4415.0,4363.0,4347.0,4850.0,5699.0,5961.0,6130.0,6308.0,6198.0,6180.0,6354.0,6385.0,6414.0,6180.0,6063.0,6054.0,5992.0,6190.0,5950.0
206,2015-06-16,0,RO,5570.0,5468.0,5372.0,5355.0,5255.0,5649.0,6287.0,6818.0,6956.0,7049.0,7038.0,7079.0,7106.0,7017.0,6892.0,6810.0,6684.0,6499.0,6561.0,6646.0,6899.0,6653.0,6170.0,5723.0
207,2015-06-17,0,BE,9035.0,8777.0,8357.0,8208.0,8225.0,8406.0,8775.0,9719.0,10486.0,10955.0,11238.0,11244.0,11306.0,11089.0,11045.0,11009.0,10706.0,10754.0,10820.0,10404.0,10094.0,9697.0,9658.0,9767.0
208,2015-06-17,0,PT,5473.0,5049.0,4751.0,4600.0,4497.0,4460.0,4409.0,4421.0,4962.0,5806.0,6137.0,6316.0,6492.0,6469.0,6463.0,6671.0,6714.0,6698.0,6490.0,6313.0,6274.0,6199.0,6325.0,6161.0
209,2015-06-17,0,RO,5438.0,5301.0,5286.0,5301.0,5253.0,5548.0,6161.0,6596.0,6767.0,6795.0,6769.0,6817.0,6826.0,6728.0,6727.0,6586.0,6514.0,6471.0,6523.0,6670.0,6887.0,6719.0,6070.0,5768.0
210,2015-06-18,0,BE,8810.0,8444.0,8192.0,8065.0,8194.0,8307.0,8736.0,9763.0,10479.0,11063.0,11160.0,11363.0,11361.0,11007.0,11015.0,10797.0,10700.0,10604.0,10534.0,10181.0,9963.0,9523.0,9580.0,9738.0
211,2015-06-18,0,PT,5655.0,5252.0,4959.0,4767.0,4688.0,4637.0,4587.0,4567.0,5129.0,5941.0,6281.0,6428.0,6627.0,6521.0,6562.0,6779.0,6796.0,6792.0,6589.0,6428.0,6326.0,6245.0,6405.0,6274.0
212,2015-06-18,0,RO,5413.0,5243.0,5170.0,5243.0,5198.0,5493.0,6061.0,6542.0,6623.0,6719.0,6761.0,6754.0,6867.0,6753.0,6708.0,6615.0,6538.0,6381.0,6407.0,6529.0,6803.0,6742.0,6091.0,5648.0
213,2015-06-19,0,BE,8997.0,8564.0,8180.0,8144.0,8138.0,8217.0,8633.0,9592.0,10398.0,10709.0,10887.0,11073.0,11088.0,10918.0,10714.0,10572.0,10448.0,10363.0,10233.0,9825.0,9546.0,9307.0,9403.0,9473.0
214,2015-06-19,0,PT,5761.0,5322.0,5006.0,4835.0,4731.0,4689.0,4661.0,4681.0,5258.0,6028.0,6463.0,6632.0,6818.0,6730.0,6788.0,7019.0,7029.0,6930.0,6697.0,6513.0,6430.0,6341.0,6478.0,6251.0
215,2015-06-19,0,RO,5510.0,5328.0,5332.0,5324.0,5301.0,5522.0,6023.0,6434.0,6630.0,6650.0,6617.0,6714.0,6815.0,6761.0,6616.0,6568.0,6481.0,6416.0,6373.0,6444.0,6793.0,6745.0,6119.0,5688.0
216,2015-06-20,0,BE,8755.0,8292.0,7938.0,7804.0,7680.0,7567.0,7485.0,7905.0,8437.0,9172.0,9462.0,9718.0,9794.0,9660.0,9323.0,9117.0,9059.0,8876.0,9130.0,9170.0,8918.0,8809.0,8884.0,8752.0
217,2015-06-20,0,PT,5822.0,5291.0,5083.0,4871.0,4739.0,4666.0,4541.0,4372.0,4606.0,5024.0,5376.0,5627.0,5791.0,5837.0,5768.0,5737.0,5714.0,5634.0,5604.0,5649.0,5727.0,5760.0,5925.0,5746.0
218,2015-06-20,0,RO,5388.0,5232.0,5180.0,5198.0,5088.0,5055.0,5351.0,5721.0,5951.0,6069.0,6077.0,6068.0,6002.0,5892.0,5848.0,5859.0,5836.0,5779.0,5807.0,5982.0,6254.0,6170.0,5640.0,5217.0
219,2015-06-21,0,BE,8389.0,8013.0,7621.0,7461.0,7319.0,7203.0,7114.0,7351.0,7854.0,8503.0,8947.0,9247.0,9642.0,9120.0,8723.0,8664.0,8474.0,8474.0,8690.0,8835.0,8840.0,8669.0,8694.0,8730.0
220,2015-06-21,0,PT,5421.0,5066.0,4776.0,4547.0,4419.0,4365.0,4226.0,4056.0,4258.0,4512.0,4752.0,5041.0,5280.0,5390.0,5327.0,5219.0,5137.0,5029.0,5048.0,5138.0,5280.0,5391.0,5661.0,5635.0
221,2015-06-21,0,RO,4949.0,4793.0,4728.0,4695.0,4560.0,4519.0,4678.0,4938.0,5069.0,5203.0,5265.0,5346.0,5351.0,5279.0,5265.0,5296.0,5385.0,5379.0,5520.0,5663.0,5840.0,5720.0,5319.0,4937.0
222,2015-06-22,0,BE,8128.0,7840.0,7532.0,7456.0,7445.0,7793.0,8409.0,9554.0,10393.0,10904.0,11175.0,11324.0,11408.0,11365.0,11149.0,11126.0,10916.0,10975.0,10981.0,10755.0,10340.0,9854.0,9719.0,9776.0
223,2015-06-22,0,PT,5273.0,4916.0,4672.0,4476.0,4417.0,4398.0,4398.0,4447.0,4913.0,5756.0,6198.0,6383.0,6534.0,6468.0,6467.0,6664.0,6658.0,6643.0,6445.0,6273.0,6246.0,6145.0,6268.0,6088.0
224,2015-06-22,0,RO,4724.0,4669.0,4653.0,4675.0,4676.0,5034.0,5781.0,6254.0,6413.0,6488.0,6504.0,6545.0,6609.0,6559.0,6538.0,6427.0,6401.0,6311.0,6260.0,6380.0,6687.0,6608.0,5964.0,5540.0
225,2015-06-23,0,BE,8959.0,8505.0,8184.0,8049.0,8054.0,8305.0,8844.0,9824.0,10615.0,10962.0,11063.0,11126.0,11200.0,11020.0,10978.0,10807.0,10640.0,10559.0,10640.0,10473.0,9990.0,9708.0,9744.0,9787.0
226,2015-06-23,0,PT,5611.0,5201.0,4921.0,4766.0,4658.0,4615.0,4589.0,4558.0,5096.0,5921.0,6229.0,6356.0,6499.0,6383.0,6430.0,6601.0,6554.0,6565.0,6360.0,6122.0,6052.0,5907.0,6026.0,5825.0
227,2015-06-23,0,RO,5267.0,5129.0,5099.0,5127.0,5072.0,5265.0,5897.0,6314.0,6476.0,6554.0,6526.0,6552.0,6658.0,6659.0,6536.0,6507.0,6441.0,6380.0,6394.0,6513.0,6799.0,6775.0,6156.0,5676.0
228,2015-06-24,0,BE,9177.0,8533.0,8251.0,8037.0,8006.0,8279.0,8741.0,9747.0,10531.0,10968.0,11138.0,11315.0,11308.0,11209.0,11068.0,10929.0,10821.0,10691.0,10650.0,10328.0,10099.0,9664.0,9737.0,9921.0
229,2015-06-24,0,PT,5403.0,5003.0,4760.0,4605.0,4496.0,4442.0,4388.0,4375.0,4811.0,5487.0,5777.0,5980.0,6184.0,6139.0,6064.0,6211.0,6190.0,6149.0,5990.0,5882.0,5921.0,5868.0,6022.0,5885.0
230,2015-06-24,0,RO,5305.0,5213.0,5191.0,5189.0,5129.0,5344.0,5922.0,6319.0,6434.0,6576.0,6604.0,6566.0,6715.0,6609.0,6630.0,6585.0,6490.0,6461.0,6512.0,6673.0,6885.0,6707.0,6159.0,5710.0
231,2015-06-25,0,BE,9143.0,8618.0,8298.0,8167.0,8088.0,8323.0,8689.0,9633.0,10491.0,10872.0,11183.0,11305.0,11291.0,11155.0,11018.0,10973.0,10786.0,10769.0,10688.0,10300.0,9998.0,9690.0,9728.0,9972.0
232,2015-06-25,0,PT,5474.0,5123.0,4850.0,4679.0,4601.0,4551.0,4540.0,4518.0,5046.0,5901.0,6231.0,6371.0,6561.0,6456.0,6497.0,6690.0,6708.0,6750.0,6567.0,6324.0,6307.0,6271.0,6406.0,6219.0
233,2015-06-25,0,RO,5445.0,5300.0,5257.0,5262.0,5259.0,5508.0,6131.0,6602.0,6799.0,6860.0,6853.0,6892.0,6902.0,6848.0,6735.0,6638.0,6624.0,6585.0,6566.0,6724.0,6961.0,6673.0,6123.0,5712.0
234,2015-06-26,0,BE,9213.0,8671.0,8384.0,8154.0,8126.0,8307.0,8724.0,9579.0,10437.0,10871.0,11133.0,11297.0,11294.0,11170.0,11116.0,10773.0,10521.0,10392.0,10267.0,10047.0,9777.0,9443.0,9460.0,9623.0
235,2015-06-26,0,PT,5711.0,5271.0,4966.0,4778.0,4667.0,4642.0,4599.0,4643.0,5157.0,5976.0,6293.0,6455.0,6630.0,6515.0,6530.0,6793.0,6811.0,6724.0,6535.0,6398.0,6338.0,6233.0,6363.0,6193.0
236,2015-06-26,0,RO,5502.0,5359.0,5274.0,5301.0,5253.0,5474.0,6046.0,6504.0,6665.0,6685.0,6714.0,6684.0,6717.0,6554.0,6492.0,6471.0,6461.0,6418.0,6427.0,6620.0,6730.0,6514.0,5941.0,5499.0
237,2015-06-27,0,BE,8927.0,8276.0,7972.0,7704.0,7583.0,7508.0,7373.0,7805.0,8476.0,9054.0,9499.0,9619.0,9672.0,9366.0,9045.0,8939.0,8924.0,8880.0,8971.0,8808.0,8600.0,8515.0,8539.0,8769.0
238,2015-06-27,0,PT,5726.0,5279.0,5024.0,4804.0,4675.0,4586.0,4436.0,4321.0,4572.0,4988.0,5311.0,5552.0,5710.0,5795.0,5705.0,5693.0,5678.0,5615.0,5598.0,5616.0,5662.0,5655.0,5787.0,5654.0
239,2015-06-27,0,RO,5276.0,5162.0,5049.0,5042.0,4929.0,4966.0,5262.0,5660.0,5929.0,6028.0,6028.0,6003.0,5958.0,5818.0,5731.0,5745.0,5789.0,5797.0,5805.0,5954.0,6276.0,6288.0,5768.0,5264.0
240,2015-06-28,0,BE,8185.0,7770.0,7434.0,7285.0,7279.0,7122.0,7084.0,7397.0,7886.0,8551.0,8857.0,9046.0,9149.0,8886.0,8601.0,8519.0,8487.0,8630.0,8717.0,8625.0,8788.0,8739.0,8772.0,8882.0
241,2015-06-28,0,PT,5287.0,4963.0,4673.0,4476.0,4319.0,4230.0,4126.0,3960.0,4134.0,4414.0,4707.0,5003.0,5247.0,5383.0,5329.0,5226.0,5130.0,5081.0,5083.0,5164.0,5279.0,5392.0,5649.0,5628.0
242,2015-06-28,0,RO,4951.0,4811.0,4723.0,4694.0,4552.0,4517.0,4661.0,4888.0,5079.0,5187.0,5263.0,5299.0,5299.0,5211.0,5170.0,5122.0,5186.0,5215.0,5331.0,5474.0,5851.0,5886.0,5433.0,5039.0
243,2015-06-29,0,BE,8324.0,7967.0,7625.0,7579.0,7647.0,7875.0,8396.0,9447.0,10243.0,10892.0,11152.0,11366.0,11341.0,11338.0,11232.0,11129.0,10932.0,10811.0,10675.0,10398.0,10054.0,9742.0,9799.0,9985.0
244,2015-06-29,0,PT,5282.0,4927.0,4676.0,4501.0,4413.0,4391.0,4389.0,4425.0,4979.0,5857.0,6322.0,6585.0,6781.0,6779.0,6813.0,6995.0,7023.0,7029.0,6834.0,6556.0,6578.0,6443.0,6570.0,6331.0
245,2015-06-29,0,RO,4853.0,4690.0,4623.0,4675.0,4669.0,5005.0,5749.0,6197.0,6383.0,6467.0,6454.0,6517.0,6652.0,6559.0,6451.0,6402.0,6352.0,6309.0,6339.0,6488.0,6764.0,6578.0,6081.0,5620.0
246,2015-06-30,0,BE,9189.0,8802.0,8496.0,8311.0,8242.0,8340.0,8786.0,9785.0,10715.0,11170.0,11519.0,11667.0,11510.0,11579.0,11398.0,11291.0,11165.0,10624.0,10841.0,10660.0,10391.0,10090.0,9971.0,10179.0
247,2015-06-30,0,PT,5868.0,5429.0,5088.0,4951.0,4828.0,4760.0,4697.0,4727.0,5238.0,6022.0,6359.0,6546.0,6725.0,6627.0,6583.0,6832.0,6859.0,6851.0,6682.0,6482.0,6431.0,6267.0,6382.0,6257.0
248,2015-06-30,0,RO,5371.0,5249.0,5241.0,5246.0,5158.0,5443.0,6056.0,6551.0,6706.0,6742.0,6746.0,6802.0,6910.0,6790.0,6676.0,6628.0,6548.0,6523.0,6566.0,6730.0,6966.0,6739.0,6092.0,5697.0
