,Date,ID,Timeseries ID,00:00:00,01:00:00,02:00:00,03:00:00,04:00:00,05:00:00,06:00:00,07:00:00,08:00:00,09:00:00,10:00:00,11:00:00,12:00:00,13:00:00,14:00:00,15:00:00,16:00:00,17:00:00,18:00:00,19:00:00,20:00:00,21:00:00,22:00:00,23:00:00
0,2015-04-09,BE,0,,,,,,,,,,,,,,,,,,,,,,,,10797.0
1,2015-04-09,CZ,0,,,,,,,,,,,,,,,,,,,,,,,,6828.0
2,2015-04-09,DK,1,,,,,,,,,,,,,,,,,,,,,,,,3225.0
3,2015-04-09,EE,1,,,,,,,,,,,,,,,,,,,,,,,,787.0
4,2015-04-10,BE,0,10141.0,9462.0,8995.0,8890.0,8861.0,9020.0,9935.0,10457.0,11014.0,11258.0,11380.0,11300.0,11330.0,11137.0,10861.0,10679.0,10500.0,10330.0,10368.0,10206.0,9981.0,10321.0,10125.0,10379.0
5,2015-04-10,CZ,0,6569.0,6575.0,6531.0,6448.0,6514.0,7014.0,7910.0,8312.0,8400.0,8399.0,8291.0,8251.0,8229.0,8009.0,7836.0,7906.0,7784.0,7646.0,7447.0,7611.0,7816.0,7303.0,6749.0,6368.0
6,2015-04-10,DK,1,2977.0,2861.0,2827.0,2846.0,2932.0,3201.0,3745.0,4322.0,4531.0,4589.0,4651.0,4553.0,4379.0,4217.0,3996.0,3843.0,3805.0,3999.0,3996.0,3767.0,3726.0,3604.0,3326.0,3048.0
7,2015-04-10,EE,1,754.0,735.0,729.0,733.0,765.0,854.0,980.0,1073.0,1100.0,1086.0,1070.0,1054.0,1063.0,1041.0,1024.0,996.0,977.0,968.0,958.0,975.0,988.0,919.0,834.0,767.0
8,2015-04-11,BE,0,9691.0,9035.0,8421.0,8105.0,7979.0,8031.0,8368.0,8442.0,9067.0,9610.0,10211.0,10265.0,10335.0,10232.0,9845.0,9675.0,9664.0,9729.0,9847.0,9801.0,9662.0,9796.0,9628.0,9751.0
9,2015-04-11,CZ,0,5868.0,5731.0,5759.0,5764.0,5771.0,5782.0,6019.0,6426.0,6716.0,6904.0,7014.0,7075.0,6824.0,6735.0,6534.0,6476.0,6397.0,6277.0,6381.0,6535.0,6768.0,6304.0,6048.0,5715.0
10,2015-04-11,DK,1,2826.0,2698.0,2649.0,2616.0,2625.0,2698.0,2789.0,3081.0,3400.0,3588.0,3635.0,3576.0,3541.0,3452.0,3410.0,3370.0,3426.0,3768.0,3928.0,3760.0,3656.0,3511.0,3357.0,3109.0
11,2015-04-11,EE,1,736.0,714.0,706.0,702.0,714.0,716.0,767.0,841.0,883.0,892.0,878.0,866.0,860.0,844.0,835.0,824.0,816.0,821.0,828.0,855.0,893.0,844.0,775.0,723.0
12,2015-04-12,BE,0,9153.0,8782.0,8317.0,8094.0,8009.0,8138.0,8235.0,8090.0,8415.0,8998.0,9230.0,9316.0,9505.0,9307.0,8868.0,8800.0,8585.0,8472.0,8811.0,8847.0,9051.0,9591.0,9381.0,9348.0
13,2015-04-12,CZ,0,5459.0,5370.0,5362.0,5320.0,5311.0,5293.0,5299.0,5643.0,6110.0,6558.0,6849.0,6918.0,6648.0,6593.0,6447.0,6378.0,6283.0,6254.0,6449.0,6698.0,7048.0,6679.0,6429.0,6113.0
14,2015-04-12,DK,1,2917.0,2801.0,2751.0,2721.0,2704.0,2751.0,2804.0,3036.0,3370.0,3601.0,3649.0,3686.0,3548.0,3506.0,3485.0,3503.0,3606.0,4010.0,4027.0,3871.0,3848.0,3718.0,3393.0,3170.0
15,2015-04-12,EE,1,698.0,680.0,673.0,667.0,669.0,655.0,695.0,767.0,820.0,839.0,838.0,847.0,862.0,859.0,860.0,855.0,858.0,869.0,881.0,905.0,919.0,852.0,785.0,733.0
16,2015-04-13,BE,0,8739.0,8383.0,8138.0,8079.0,8095.0,8427.0,9464.0,10138.0,10827.0,11264.0,11648.0,11768.0,11774.0,11718.0,11400.0,11288.0,11021.0,10853.0,10918.0,10718.0,10554.0,10880.0,10708.0,10628.0
17,2015-04-13,CZ,0,5964.0,6090.0,6001.0,5905.0,5989.0,6524.0,7486.0,7898.0,8068.0,8146.0,8175.0,8231.0,8252.0,8199.0,8049.0,8059.0,7933.0,7943.0,7771.0,7935.0,8058.0,7557.0,6986.0,6592.0
18,2015-04-13,DK,1,2970.0,2892.0,2873.0,2881.0,2978.0,3244.0,3742.0,4348.0,4605.0,4661.0,4749.0,4679.0,4635.0,4715.0,4514.0,4303.0,4248.0,4413.0,4262.0,4087.0,4019.0,3921.0,3571.0,3199.0
19,2015-04-13,EE,1,701.0,689.0,684.0,692.0,721.0,810.0,957.0,1071.0,1109.0,1108.0,1118.0,1099.0,1121.0,1111.0,1097.0,1064.0,1027.0,,,,1008.0,931.0,843.0,781.0
20,2015-04-14,BE,0,9984.0,9280.0,8738.0,8742.0,8823.0,8911.0,9835.0,10324.0,10871.0,11156.0,11261.0,11327.0,11190.0,11018.0,10826.0,10725.0,10680.0,10562.0,10690.0,10418.0,10250.0,10637.0,10482.0,10415.0
21,2015-04-14,CZ,0,6308.0,6353.0,6309.0,6184.0,6264.0,6826.0,7730.0,8162.0,8235.0,8309.0,8109.0,8082.0,8156.0,8094.0,7875.0,7957.0,7824.0,7779.0,7669.0,7881.0,8067.0,7543.0,7062.0,6611.0
22,2015-04-14,DK,1,3002.0,2925.0,2864.0,2881.0,2928.0,3211.0,3763.0,4390.0,4714.0,4795.0,4925.0,4911.0,4899.0,4899.0,4830.0,4615.0,4554.0,4704.0,4562.0,4301.0,4177.0,3998.0,3637.0,3280.0
23,2015-04-14,EE,1,753.0,737.0,733.0,744.0,768.0,853.0,982.0,1079.0,1104.0,1141.0,1132.0,1096.0,1116.0,1101.0,1089.0,1058.0,1030.0,1016.0,1002.0,1005.0,1023.0,942.0,858.0,790.0
24,2015-04-15,BE,0,9560.0,8862.0,8415.0,8268.0,8368.0,8671.0,9469.0,9899.0,10670.0,11089.0,11202.0,11321.0,11274.0,11128.0,11028.0,11006.0,10710.0,10688.0,10537.0,10200.0,10059.0,10509.0,10284.0,10155.0
25,2015-04-15,CZ,0,6325.0,6380.0,6262.0,6154.0,6232.0,6713.0,7649.0,8063.0,8111.0,8174.0,8040.0,8001.0,8104.0,8018.0,7816.0,7872.0,7720.0,7648.0,7469.0,7573.0,7899.0,7417.0,6944.0,6503.0
26,2015-04-15,DK,1,3090.0,2950.0,2870.0,2865.0,2914.0,3161.0,3740.0,4372.0,4647.0,4690.0,4785.0,4728.0,4681.0,4715.0,4624.0,4485.0,4432.0,4700.0,4542.0,4274.0,4082.0,4027.0,3699.0,3304.0
27,2015-04-15,EE,1,764.0,750.0,747.0,757.0,778.0,861.0,993.0,1092.0,1120.0,1117.0,1106.0,1082.0,1103.0,1081.0,1076.0,1032.0,1010.0,995.0,985.0,992.0,1014.0,930.0,848.0,782.0
28,2015-04-16,BE,0,9501.0,8966.0,8521.0,8469.0,8402.0,8679.0,9304.0,9963.0,10595.0,11099.0,11215.0,11333.0,11429.0,11239.0,11106.0,10890.0,10926.0,10769.0,10671.0,10613.0,10287.0,10483.0,10273.0,10325.0
29,2015-04-16,CZ,0,6232.0,6270.0,6155.0,6043.0,6149.0,6599.0,7450.0,7880.0,7985.0,8051.0,7940.0,7990.0,8070.0,7994.0,7824.0,7806.0,7693.0,7639.0,7520.0,7680.0,7859.0,7368.0,6867.0,6480.0
30,2015-04-16,DK,1,3048.0,2935.0,2884.0,2878.0,2958.0,3198.0,3730.0,4350.0,4626.0,4664.0,4726.0,4681.0,4571.0,4563.0,4475.0,4315.0,4268.0,4441.0,4338.0,4064.0,3963.0,3907.0,3537.0,3157.0
31,2015-04-16,EE,1,753.0,737.0,730.0,736.0,761.0,846.0,982.0,1090.0,1120.0,1109.0,1099.0,1080.0,1097.0,1081.0,1065.0,1037.0,1004.0,989.0,974.0,983.0,1009.0,919.0,829.0,765.0
32,2015-04-17,BE,0,9606.0,9045.0,8591.0,8353.0,8482.0,8642.0,9502.0,10066.0,10792.0,11138.0,11468.0,11616.0,11479.0,11232.0,10964.0,10838.0,10499.0,10505.0,10491.0,10342.0,10120.0,10275.0,10169.0,10313.0
33,2015-04-17,CZ,0,6185.0,6254.0,6125.0,6001.0,6063.0,6557.0,7436.0,7934.0,8139.0,8355.0,8286.0,8227.0,8209.0,8096.0,7949.0,7992.0,7908.0,7846.0,7617.0,7625.0,7687.0,7223.0,6645.0,6302.0
34,2015-04-17,DK,1,2927.0,2833.0,2802.0,2823.0,2891.0,3151.0,3676.0,4274.0,4524.0,4543.0,4572.0,4477.0,4335.0,4256.0,4074.0,3941.0,3972.0,4164.0,4104.0,3850.0,3652.0,3622.0,3358.0,3090.0
35,2015-04-17,EE,1,733.0,713.0,727.0,735.0,759.0,847.0,978.0,1077.0,1117.0,1112.0,1114.0,1099.0,1112.0,1094.0,1070.0,1031.0,1011.0,996.0,976.0,965.0,995.0,938.0,855.0,788.0
36,2015-04-18,BE,0,9541.0,8928.0,8581.0,8320.0,8120.0,8344.0,8582.0,8538.0,9139.0,9707.0,10123.0,10100.0,10070.0,9880.0,9602.0,9394.0,9108.0,9385.0,9452.0,9381.0,9381.0,9660.0,9510.0,9593.0
37,2015-04-18,CZ,0,5805.0,5650.0,5668.0,5665.0,5728.0,5690.0,5966.0,6386.0,6705.0,7070.0,7313.0,7291.0,7080.0,7031.0,6875.0,6862.0,6699.0,6607.0,6589.0,6651.0,6801.0,6472.0,6188.0,5861.0
38,2015-04-18,DK,1,2873.0,2748.0,2707.0,2707.0,2725.0,2794.0,2897.0,3183.0,3512.0,3674.0,3717.0,3652.0,3525.0,3439.0,3412.0,3345.0,3385.0,3631.0,3675.0,3488.0,3432.0,3421.0,3173.0,2920.0
39,2015-04-18,EE,1,749.0,727.0,716.0,714.0,717.0,719.0,773.0,849.0,905.0,924.0,918.0,911.0,905.0,890.0,883.0,883.0,882.0,887.0,886.0,895.0,922.0,874.0,809.0,755.0
40,2015-04-19,BE,0,9088.0,8557.0,8133.0,7869.0,7857.0,7955.0,8080.0,8025.0,8444.0,9083.0,9426.0,9558.0,9806.0,9623.0,9200.0,8965.0,8853.0,8870.0,9215.0,9285.0,9403.0,9701.0,9705.0,9565.0
41,2015-04-19,CZ,0,5609.0,5546.0,5581.0,5528.0,5543.0,5452.0,5527.0,5904.0,6286.0,6668.0,6936.0,6988.0,6732.0,6662.0,6480.0,6429.0,6377.0,6308.0,6488.0,6677.0,7058.0,6749.0,6543.0,6272.0
42,2015-04-19,DK,1,2666.0,2537.0,2490.0,2496.0,2496.0,2534.0,2623.0,2894.0,3238.0,3411.0,3416.0,3373.0,3332.0,3251.0,3210.0,3206.0,3285.0,3601.0,3642.0,3506.0,3409.0,3406.0,3116.0,2808.0
43,2015-04-19,EE,1,723.0,705.0,700.0,702.0,696.0,692.0,737.0,805.0,866.0,893.0,897.0,898.0,895.0,891.0,883.0,882.0,888.0,889.0,896.0,900.0,923.0,868.0,793.0,740.0
44,2015-04-20,BE,0,8902.0,8487.0,8219.0,8132.0,8185.0,8645.0,9707.0,10452.0,11033.0,11388.0,11553.0,11623.0,11422.0,11374.0,11318.0,11163.0,11015.0,10932.0,10991.0,10654.0,10529.0,10787.0,10517.0,10472.0
45,2015-04-20,CZ,0,6092.0,6199.0,6118.0,6055.0,6128.0,6585.0,7549.0,7996.0,8072.0,8147.0,8050.0,8000.0,8112.0,8027.0,7858.0,7906.0,7813.0,7740.0,7583.0,7737.0,7929.0,7436.0,6918.0,6541.0
46,2015-04-20,DK,1,2631.0,2553.0,2559.0,2598.0,2682.0,2943.0,3471.0,4023.0,4331.0,4377.0,4460.0,4427.0,4339.0,4347.0,4254.0,4049.0,3953.0,4180.0,4089.0,3917.0,3783.0,3764.0,3402.0,3016.0
47,2015-04-20,EE,1,698.0,688.0,684.0,698.0,717.0,816.0,959.0,1059.0,1095.0,1093.0,1087.0,1056.0,1080.0,1073.0,1064.0,1030.0,995.0,978.0,964.0,957.0,988.0,930.0,838.0,771.0
48,2015-04-21,BE,0,9670.0,8991.0,8809.0,8627.0,8671.0,8873.0,9830.0,10742.0,11207.0,11475.0,11620.0,11732.0,11543.0,11322.0,11184.0,11045.0,10972.0,10788.0,10846.0,10681.0,10412.0,10495.0,10483.0,10447.0
49,2015-04-21,CZ,0,6268.0,6291.0,6205.0,6114.0,6198.0,6670.0,7636.0,8022.0,8088.0,8121.0,8048.0,8040.0,8103.0,8015.0,7908.0,7904.0,7778.0,7654.0,7574.0,7669.0,7908.0,7526.0,7015.0,6571.0
50,2015-04-21,DK,1,2800.0,2678.0,2648.0,2648.0,2739.0,2970.0,3469.0,4072.0,4381.0,4389.0,4517.0,4527.0,4405.0,4356.0,4303.0,4157.0,4022.0,4230.0,4159.0,3963.0,3859.0,3807.0,3497.0,3181.0
51,2015-04-21,EE,1,747.0,714.0,705.0,706.0,719.0,823.0,948.0,1033.0,1061.0,1055.0,1045.0,1024.0,1050.0,1037.0,1017.0,987.0,964.0,955.0,939.0,943.0,963.0,902.0,811.0,744.0
52,2015-04-22,BE,0,9561.0,9110.0,8762.0,8467.0,8500.0,8714.0,9487.0,10289.0,10782.0,11147.0,11252.0,11314.0,11278.0,11174.0,11115.0,10940.0,10760.0,10656.0,10540.0,10362.0,10172.0,10377.0,10353.0,10394.0
53,2015-04-22,CZ,0,6264.0,6331.0,6218.0,6109.0,6199.0,6686.0,7550.0,7988.0,8075.0,8122.0,8025.0,8035.0,8095.0,8020.0,7823.0,7886.0,7724.0,7659.0,7621.0,7742.0,7924.0,7474.0,6997.0,6576.0
54,2015-04-22,DK,1,2919.0,2802.0,2748.0,2785.0,2836.0,3052.0,3559.0,4144.0,4412.0,4433.0,4516.0,4465.0,4368.0,4371.0,4253.0,4077.0,3985.0,4156.0,4040.0,3856.0,3734.0,3739.0,3421.0,3067.0
55,2015-04-22,EE,1,721.0,704.0,701.0,703.0,712.0,820.0,953.0,1051.0,1075.0,1074.0,1069.0,1051.0,1066.0,1044.0,1039.0,1017.0,991.0,980.0,968.0,959.0,986.0,927.0,834.0,771.0
56,2015-04-23,BE,0,9741.0,9140.0,8776.0,8511.0,8616.0,8998.0,9701.0,10538.0,11193.0,11397.0,11490.0,11586.0,11361.0,11284.0,11134.0,10914.0,10857.0,10760.0,10855.0,10634.0,10298.0,10425.0,10288.0,10417.0
57,2015-04-23,CZ,0,6337.0,6357.0,6254.0,6139.0,6172.0,6597.0,7524.0,7936.0,8051.0,8118.0,8052.0,8043.0,8122.0,8032.0,7860.0,7879.0,7740.0,7702.0,7534.0,7650.0,7786.0,7383.0,6901.0,6512.0
58,2015-04-23,DK,1,2831.0,2741.0,2690.0,2724.0,2790.0,3045.0,3573.0,4179.0,4408.0,4434.0,4536.0,4526.0,4451.0,4476.0,4335.0,4165.0,4124.0,4328.0,4176.0,3961.0,3862.0,3817.0,3502.0,3129.0
59,2015-04-23,EE,1,746.0,726.0,718.0,723.0,736.0,826.0,956.0,1052.0,1080.0,1071.0,1071.0,1050.0,1069.0,1051.0,1038.0,1012.0,987.0,968.0,952.0,936.0,965.0,919.0,833.0,769.0
60,2015-04-24,BE,0,9497.0,8981.0,8697.0,8349.0,8345.0,8817.0,9645.0,10481.0,11016.0,11326.0,11361.0,11486.0,11325.0,11153.0,10942.0,10809.0,10589.0,10589.0,10693.0,10313.0,10031.0,10269.0,10151.0,10273.0
61,2015-04-24,CZ,0,6227.0,6239.0,6163.0,6046.0,6084.0,6439.0,7398.0,7841.0,7905.0,7968.0,7909.0,7956.0,7985.0,7900.0,7705.0,7707.0,7588.0,7430.0,7236.0,7272.0,7385.0,7034.0,6526.0,6193.0
62,2015-04-24,DK,1,2908.0,2803.0,2768.0,2752.0,2828.0,3027.0,3529.0,4162.0,4448.0,4462.0,4553.0,4489.0,4343.0,4252.0,4047.0,3884.0,3871.0,4044.0,3962.0,3725.0,3540.0,3546.0,3331.0,3039.0
63,2015-04-24,EE,1,751.0,726.0,718.0,725.0,729.0,821.0,947.0,1030.0,1062.0,1054.0,1052.0,1044.0,1065.0,1039.0,1022.0,993.0,969.0,955.0,939.0,920.0,946.0,909.0,826.0,767.0
64,2015-04-25,BE,0,9464.0,8879.0,8279.0,8169.0,8021.0,7940.0,8213.0,8414.0,9065.0,9865.0,10166.0,10252.0,10546.0,10217.0,9860.0,9594.0,9647.0,9575.0,9696.0,9441.0,9298.0,9556.0,9462.0,9597.0
65,2015-04-25,CZ,0,5637.0,5514.0,5524.0,5514.0,5554.0,5476.0,5769.0,6178.0,6471.0,6650.0,6790.0,6862.0,6641.0,6570.0,6391.0,6327.0,6192.0,6028.0,6085.0,6186.0,6380.0,6126.0,5839.0,5516.0
66,2015-04-25,DK,1,2798.0,2679.0,2620.0,2597.0,2620.0,2666.0,2782.0,3068.0,3392.0,3612.0,3678.0,3659.0,3601.0,3593.0,3542.0,3488.0,3599.0,3938.0,3890.0,3639.0,3446.0,3413.0,3203.0,2940.0
67,2015-04-25,EE,1,738.0,721.0,711.0,711.0,694.0,708.0,762.0,831.0,874.0,888.0,881.0,871.0,866.0,849.0,834.0,830.0,832.0,834.0,837.0,837.0,862.0,828.0,760.0,711.0
68,2015-04-26,BE,0,9041.0,8462.0,7894.0,7800.0,7721.0,7734.0,7907.0,7901.0,8296.0,8913.0,9388.0,9639.0,9951.0,9790.0,9354.0,9280.0,9218.0,9190.0,9417.0,9756.0,9764.0,9747.0,9684.0,9669.0
69,2015-04-26,CZ,0,5312.0,5229.0,5244.0,5176.0,5204.0,5056.0,5151.0,5519.0,6008.0,6384.0,6732.0,6869.0,6636.0,6538.0,6471.0,6422.0,6315.0,6164.0,6290.0,6429.0,6752.0,6520.0,6347.0,6020.0
70,2015-04-26,DK,1,2741.0,2588.0,2535.0,2501.0,2505.0,2524.0,2609.0,2922.0,3276.0,3484.0,3570.0,3594.0,3552.0,3536.0,3495.0,3462.0,3518.0,3840.0,3840.0,3658.0,3525.0,3523.0,3304.0,3024.0
71,2015-04-26,EE,1,679.0,658.0,659.0,658.0,651.0,654.0,689.0,772.0,833.0,865.0,873.0,871.0,865.0,856.0,851.0,844.0,846.0,849.0,857.0,856.0,877.0,848.0,768.0,718.0
72,2015-04-27,BE,0,8907.0,8416.0,8122.0,7939.0,7927.0,8320.0,9291.0,10164.0,10851.0,11269.0,11414.0,11655.0,11474.0,11307.0,11308.0,11150.0,11015.0,10930.0,10997.0,10703.0,10470.0,10282.0,10503.0,10517.0
73,2015-04-27,CZ,0,5859.0,5969.0,5853.0,5785.0,5833.0,6215.0,7182.0,7686.0,7844.0,7855.0,7763.0,7844.0,7969.0,7911.0,7732.0,7805.0,7667.0,7554.0,7445.0,7543.0,7714.0,7305.0,6839.0,6418.0
74,2015-04-27,DK,1,2829.0,2715.0,2651.0,2697.0,2798.0,3002.0,3598.0,4196.0,4441.0,4516.0,4582.0,4571.0,4500.0,4503.0,4418.0,4226.0,4114.0,4325.0,4215.0,4044.0,3842.0,3843.0,3525.0,3164.0
75,2015-04-27,EE,1,680.0,660.0,658.0,670.0,674.0,781.0,923.0,1032.0,1066.0,1054.0,1049.0,1025.0,1042.0,1035.0,1021.0,989.0,963.0,948.0,936.0,933.0,941.0,879.0,792.0,729.0
76,2015-04-28,BE,0,9687.0,9122.0,8711.0,8587.0,8663.0,9022.0,9712.0,10505.0,11069.0,11289.0,11312.0,11378.0,11386.0,11317.0,11103.0,10988.0,10817.0,10843.0,10841.0,10624.0,10361.0,10342.0,10570.0,10615.0
77,2015-04-28,CZ,0,6108.0,6143.0,6055.0,5933.0,5981.0,6353.0,7354.0,7912.0,8115.0,8227.0,8200.0,8314.0,8406.0,8424.0,8297.0,8402.0,8320.0,8262.0,8073.0,8039.0,7920.0,7519.0,7047.0,6610.0
78,2015-04-28,DK,1,2942.0,2825.0,2806.0,2831.0,2927.0,3121.0,3638.0,4216.0,4513.0,4545.0,4641.0,4572.0,4460.0,4432.0,4337.0,4150.0,4069.0,4280.0,4199.0,4000.0,3845.0,3880.0,3605.0,3238.0
79,2015-04-28,EE,1,696.0,680.0,674.0,680.0,689.0,788.0,920.0,1025.0,1056.0,1057.0,1065.0,1049.0,1072.0,1050.0,1032.0,1009.0,974.0,960.0,941.0,936.0,944.0,895.0,805.0,738.0
80,2015-04-29,BE,0,9742.0,9031.0,8851.0,8633.0,8638.0,9007.0,9841.0,10695.0,11211.0,11451.0,11486.0,11499.0,11555.0,11496.0,11440.0,11218.0,11056.0,11031.0,11030.0,10958.0,10617.0,10765.0,10715.0,10557.0
81,2015-04-29,CZ,0,6350.0,6409.0,6320.0,6220.0,6317.0,6678.0,7603.0,8020.0,8132.0,8180.0,8062.0,8065.0,8112.0,8021.0,7852.0,7869.0,7715.0,7620.0,7516.0,7623.0,7797.0,7478.0,7007.0,6574.0
82,2015-04-29,DK,1,2995.0,2883.0,2853.0,2855.0,2936.0,3132.0,3663.0,4246.0,4469.0,4496.0,4558.0,4526.0,4436.0,4432.0,4368.0,4214.0,4134.0,4374.0,4279.0,4080.0,3894.0,3854.0,3581.0,3229.0
83,2015-04-29,EE,1,704.0,686.0,684.0,684.0,699.0,810.0,949.0,1065.0,1113.0,1120.0,1121.0,1092.0,1109.0,1103.0,1096.0,1060.0,1020.0,990.0,972.0,946.0,934.0,900.0,806.0,758.0
84,2015-04-30,BE,0,9899.0,9322.0,8950.0,8757.0,8614.0,9127.0,9756.0,10542.0,11117.0,11501.0,11601.0,11662.0,11557.0,11527.0,11239.0,11310.0,11182.0,11043.0,10902.0,10720.0,10357.0,10319.0,10514.0,10595.0
85,2015-04-30,CZ,0,6290.0,6328.0,6228.0,6097.0,6172.0,6485.0,7396.0,7946.0,8060.0,8060.0,7925.0,7952.0,8021.0,7923.0,7705.0,7769.0,7627.0,7461.0,7112.0,7043.0,7067.0,6917.0,6482.0,6096.0
86,2015-04-30,DK,1,3016.0,2874.0,2843.0,2864.0,2938.0,3157.0,3694.0,4319.0,4545.0,4554.0,4633.0,4612.0,4541.0,4526.0,4367.0,4175.0,4094.0,4227.0,4165.0,4026.0,3858.0,3824.0,3554.0,3202.0
87,2015-04-30,EE,1,723.0,707.0,703.0,709.0,702.0,818.0,950.0,1059.0,1095.0,1085.0,1065.0,1041.0,1052.0,1025.0,1006.0,974.0,948.0,928.0,910.0,903.0,910.0,881.0,806.0,734.0
88,2015-05-01,BE,0,9773.0,9153.0,8698.0,8436.0,8303.0,8285.0,8356.0,8365.0,8670.0,9084.0,9417.0,9597.0,9631.0,9402.0,9026.0,8878.0,8702.0,8699.0,8872.0,8942.0,8895.0,8970.0,9415.0,9637.0
89,2015-05-01,CZ,0,5693.0,5506.0,5484.0,5532.0,5529.0,5395.0,5508.0,5843.0,6243.0,6644.0,6901.0,7013.0,6862.0,6774.0,6721.0,6743.0,6578.0,6481.0,6483.0,6490.0,6554.0,6328.0,6025.0,5744.0
90,2015-05-01,DK,1,2897.0,2734.0,2670.0,2662.0,2703.0,2725.0,2869.0,3163.0,3467.0,3632.0,3689.0,3655.0,3590.0,3543.0,3465.0,3403.0,3398.0,3616.0,3615.0,3426.0,3310.0,3358.0,3217.0,2940.0
91,2015-05-01,EE,1,690.0,661.0,654.0,651.0,625.0,652.0,705.0,771.0,823.0,841.0,837.0,824.0,815.0,807.0,799.0,793.0,793.0,788.0,787.0,782.0,804.0,799.0,746.0,696.0
92,2015-05-02,BE,0,8989.0,8411.0,7926.0,7718.0,7649.0,7742.0,7912.0,8166.0,8850.0,9477.0,9788.0,9835.0,10030.0,9856.0,9570.0,9418.0,9313.0,9392.0,9584.0,9582.0,9389.0,9347.0,9444.0,9446.0
93,2015-05-02,CZ,0,5346.0,5225.0,5261.0,5197.0,5192.0,5130.0,5341.0,5837.0,6219.0,6499.0,6694.0,6862.0,6698.0,6646.0,6466.0,6436.0,6295.0,6111.0,6275.0,6274.0,6431.0,6284.0,5998.0,5707.0
94,2015-05-02,DK,1,2730.0,2604.0,2576.0,2588.0,2613.0,2622.0,2705.0,2969.0,3292.0,3449.0,3494.0,3436.0,3354.0,3280.0,3196.0,3167.0,3219.0,3473.0,3537.0,3355.0,3241.0,3289.0,3143.0,2896.0
95,2015-05-02,EE,1,657.0,634.0,628.0,622.0,599.0,621.0,676.0,751.0,822.0,862.0,866.0,868.0,866.0,859.0,847.0,836.0,836.0,832.0,833.0,827.0,838.0,823.0,758.0,707.0
96,2015-05-03,BE,0,8754.0,8291.0,7816.0,7570.0,7505.0,7644.0,7648.0,7900.0,8283.0,8877.0,9300.0,9503.0,9867.0,9662.0,9385.0,9356.0,9144.0,8966.0,9363.0,9400.0,9254.0,9194.0,9546.0,9446.0
97,2015-05-03,CZ,0,5310.0,5236.0,5269.0,5207.0,5194.0,5048.0,5157.0,5547.0,5978.0,6353.0,6605.0,6733.0,6590.0,6551.0,6436.0,6439.0,6432.0,6378.0,6685.0,6689.0,6797.0,6584.0,6394.0,6104.0
98,2015-05-03,DK,1,2713.0,2599.0,2540.0,2551.0,2590.0,2570.0,2668.0,2907.0,3210.0,3383.0,3448.0,3420.0,3349.0,3296.0,3286.0,3252.0,3334.0,3630.0,3653.0,3529.0,3430.0,3401.0,3181.0,2962.0
99,2015-05-03,EE,1,675.0,655.0,652.0,644.0,620.0,637.0,683.0,751.0,816.0,841.0,843.0,836.0,832.0,827.0,821.0,824.0,830.0,836.0,849.0,849.0,857.0,856.0,786.0,723.0
100,2015-05-04,BE,0,8737.0,8256.0,7943.0,7858.0,7904.0,8260.0,9079.0,9978.0,10684.0,10983.0,11237.0,11384.0,11305.0,11147.0,11179.0,10997.0,10874.0,10832.0,10873.0,10693.0,10567.0,10526.0,10405.0,10247.0
101,2015-05-04,CZ,0,5858.0,5946.0,5847.0,5778.0,5808.0,6162.0,7252.0,7846.0,7958.0,8067.0,7971.0,8043.0,8142.0,8094.0,7852.0,7885.0,7710.0,7580.0,7501.0,7473.0,7561.0,7328.0,6930.0,6489.0
102,2015-05-04,DK,1,2802.0,2693.0,2661.0,2686.0,2777.0,2950.0,3515.0,4181.0,4452.0,4511.0,4609.0,4577.0,4504.0,4532.0,4394.0,4251.0,4298.0,4576.0,4540.0,4235.0,3786.0,3753.0,3526.0,3147.0
103,2015-05-04,EE,1,702.0,690.0,688.0,686.0,691.0,801.0,926.0,1021.0,1052.0,1049.0,1036.0,1022.0,1034.0,1016.0,994.0,965.0,945.0,936.0,924.0,907.0,908.0,881.0,792.0,724.0
104,2015-05-05,BE,0,9545.0,9080.0,8514.0,8264.0,8051.0,8528.0,9005.0,10068.0,10735.0,11089.0,11422.0,11438.0,11404.0,11217.0,11145.0,11049.0,10830.0,10732.0,10700.0,10586.0,10459.0,10011.0,10271.0,10244.0
105,2015-05-05,CZ,0,5987.0,6028.0,5890.0,5803.0,5817.0,6163.0,7135.0,7649.0,7862.0,7869.0,7824.0,7809.0,7873.0,7835.0,7685.0,7753.0,7648.0,7578.0,7535.0,7483.0,7547.0,7329.0,6851.0,6411.0
106,2015-05-05,DK,1,2907.0,2797.0,2786.0,2777.0,2841.0,2997.0,3495.0,4070.0,4387.0,4500.0,4647.0,4677.0,4610.0,4592.0,4534.0,4402.0,4313.0,4465.0,4351.0,4163.0,4003.0,3865.0,3547.0,3183.0
107,2015-05-05,EE,1,696.0,676.0,668.0,672.0,671.0,776.0,916.0,1031.0,1069.0,1071.0,1064.0,1043.0,1060.0,1044.0,1032.0,991.0,957.0,941.0,917.0,898.0,892.0,878.0,791.0,729.0
108,2015-05-06,BE,0,9416.0,8881.0,8359.0,8219.0,8231.0,8606.0,9192.0,10003.0,10644.0,11076.0,11159.0,11349.0,11332.0,11318.0,11140.0,11047.0,10807.0,10834.0,10865.0,10536.0,10277.0,10013.0,10374.0,10455.0
109,2015-05-06,CZ,0,6090.0,6126.0,6009.0,5880.0,5929.0,6271.0,7268.0,7810.0,8093.0,8163.0,8088.0,8148.0,8267.0,8158.0,7997.0,8038.0,7917.0,7847.0,7737.0,7632.0,7603.0,7361.0,6896.0,6483.0
110,2015-05-06,DK,1,2945.0,2829.0,2755.0,2801.0,2850.0,2969.0,3509.0,4132.0,4391.0,4466.0,4504.0,4492.0,4420.0,4434.0,4350.0,4187.0,4101.0,4323.0,4242.0,4077.0,3847.0,3753.0,3509.0,3215.0
111,2015-05-06,EE,1,694.0,673.0,665.0,655.0,648.0,759.0,891.0,995.0,1033.0,1032.0,1031.0,1015.0,1053.0,1041.0,1028.0,995.0,969.0,958.0,940.0,920.0,914.0,873.0,785.0,722.0
112,2015-05-07,BE,0,9374.0,9004.0,8503.0,8301.0,8483.0,8760.0,9282.0,10263.0,10942.0,11207.0,11473.0,11558.0,11395.0,11375.0,11445.0,11125.0,10907.0,10880.0,10952.0,10728.0,10449.0,10220.0,10513.0,10422.0
113,2015-05-07,CZ,0,6115.0,6130.0,5979.0,5876.0,5938.0,6184.0,7217.0,7661.0,7864.0,7921.0,7796.0,7857.0,7902.0,7772.0,7633.0,7683.0,7549.0,7385.0,7253.0,7102.0,7094.0,6903.0,6404.0,6016.0
114,2015-05-07,DK,1,2946.0,2880.0,2866.0,2898.0,2948.0,3102.0,3625.0,4241.0,4527.0,4548.0,4634.0,4624.0,4480.0,4500.0,4382.0,4209.0,4133.0,4352.0,4222.0,4014.0,3853.0,3797.0,3566.0,3169.0
115,2015-05-07,EE,1,690.0,673.0,667.0,665.0,661.0,766.0,902.0,1017.0,1050.0,1051.0,1041.0,1024.0,1058.0,1048.0,1040.0,1007.0,972.0,941.0,917.0,898.0,890.0,885.0,794.0,726.0
116,2015-05-08,BE,0,9558.0,9002.0,8639.0,8497.0,8434.0,8691.0,9313.0,10379.0,10937.0,11331.0,11342.0,11438.0,11268.0,11129.0,11236.0,10919.0,10632.0,10726.0,10569.0,10246.0,10151.0,9789.0,10058.0,10046.0
117,2015-05-08,CZ,0,5609.0,5453.0,5404.0,5448.0,5452.0,5370.0,5564.0,5920.0,6245.0,6524.0,6641.0,6738.0,6579.0,6496.0,6402.0,6367.0,6277.0,6149.0,6120.0,6053.0,6165.0,6149.0,5855.0,5525.0
118,2015-05-08,DK,1,2933.0,2790.0,2801.0,2834.0,2924.0,3079.0,3609.0,4249.0,4426.0,4439.0,4484.0,4479.0,4331.0,4214.0,4001.0,3849.0,3807.0,3978.0,3955.0,3715.0,3492.0,3436.0,3319.0,3057.0
119,2015-05-08,EE,1,691.0,673.0,663.0,659.0,661.0,775.0,908.0,1006.0,1045.0,1040.0,1037.0,1024.0,1039.0,1020.0,1008.0,971.0,938.0,918.0,901.0,885.0,870.0,879.0,798.0,731.0
120,2015-05-09,BE,0,9393.0,8778.0,8214.0,8060.0,7859.0,7919.0,7831.0,8199.0,8825.0,9548.0,9948.0,9931.0,9944.0,9701.0,9483.0,9412.0,9469.0,9355.0,9398.0,9376.0,9156.0,8987.0,9258.0,9367.0
121,2015-05-09,CZ,0,5214.0,5107.0,5104.0,5031.0,5015.0,4889.0,5127.0,5574.0,5989.0,6364.0,6564.0,6698.0,6624.0,6558.0,6391.0,6370.0,6273.0,6133.0,6161.0,6214.0,6258.0,6093.0,5869.0,5547.0
122,2015-05-09,DK,1,2813.0,2659.0,2588.0,2597.0,2603.0,2564.0,2734.0,3019.0,3338.0,3568.0,3713.0,3740.0,3670.0,3677.0,3650.0,3598.0,3624.0,3876.0,3874.0,3615.0,3396.0,3345.0,3215.0,3026.0
123,2015-05-09,EE,1,696.0,673.0,661.0,646.0,628.0,655.0,707.0,754.0,804.0,832.0,826.0,822.0,817.0,812.0,799.0,794.0,789.0,784.0,785.0,781.0,782.0,806.0,752.0,684.0
124,2015-05-10,BE,0,8775.0,8324.0,7817.0,7613.0,7509.0,7573.0,7386.0,7707.0,8394.0,8876.0,9177.0,9343.0,9381.0,9060.0,8770.0,8555.0,8352.0,8496.0,8592.0,8809.0,8993.0,8957.0,9277.0,9230.0
125,2015-05-10,CZ,0,5233.0,5108.0,5160.0,5075.0,5084.0,4879.0,4988.0,5370.0,5839.0,6254.0,6585.0,6763.0,6506.0,6504.0,6357.0,6307.0,6281.0,6109.0,6148.0,6267.0,6407.0,6439.0,6338.0,6061.0
126,2015-05-10,DK,1,2819.0,2710.0,2659.0,2638.0,2664.0,2697.0,2791.0,3002.0,3333.0,3512.0,3652.0,3669.0,3587.0,3509.0,3396.0,3332.0,3352.0,3577.0,3614.0,3460.0,3363.0,3347.0,3237.0,2962.0
127,2015-05-10,EE,1,634.0,624.0,632.0,627.0,607.0,630.0,671.0,736.0,791.0,809.0,804.0,791.0,783.0,773.0,769.0,767.0,779.0,787.0,803.0,814.0,821.0,810.0,742.0,682.0
128,2015-05-11,BE,0,8517.0,8163.0,7819.0,7695.0,7835.0,8199.0,8811.0,9890.0,10515.0,10986.0,11109.0,11225.0,11189.0,11085.0,10967.0,10935.0,10796.0,10821.0,10741.0,10553.0,10141.0,9832.0,10186.0,9981.0
129,2015-05-11,CZ,0,5862.0,5888.0,5771.0,5684.0,5730.0,6018.0,7087.0,7542.0,7731.0,7761.0,7739.0,7785.0,7937.0,7852.0,7697.0,7739.0,7575.0,7411.0,7231.0,7338.0,7378.0,7215.0,6760.0,6364.0
130,2015-05-11,DK,1,2751.0,2664.0,2643.0,2679.0,2756.0,2890.0,3429.0,4065.0,4361.0,4394.0,4465.0,4437.0,4341.0,4390.0,4271.0,4081.0,4033.0,4234.0,4149.0,3962.0,3782.0,3709.0,3494.0,3099.0
131,2015-05-11,EE,1,648.0,634.0,631.0,629.0,628.0,744.0,889.0,1018.0,1042.0,1042.0,1041.0,1033.0,1067.0,1050.0,1023.0,992.0,956.0,936.0,914.0,900.0,891.0,887.0,803.0,733.0
132,2015-05-12,BE,0,9187.0,8723.0,8445.0,8274.0,8227.0,8535.0,8975.0,10061.0,10703.0,11034.0,11105.0,11264.0,11128.0,11137.0,10973.0,10805.0,10777.0,10676.0,10696.0,10349.0,10137.0,9940.0,10267.0,10085.0
133,2015-05-12,CZ,0,5938.0,5942.0,5813.0,5732.0,5771.0,6077.0,7043.0,7545.0,7727.0,7742.0,7641.0,7776.0,7845.0,7776.0,7672.0,7745.0,7635.0,7584.0,7390.0,7442.0,7460.0,7237.0,6775.0,6400.0
134,2015-05-12,DK,1,2863.0,2772.0,2697.0,2711.0,2775.0,2937.0,3492.0,4135.0,4430.0,4469.0,4574.0,4549.0,4519.0,4624.0,4490.0,4335.0,4295.0,4544.0,4446.0,4194.0,3962.0,3830.0,3554.0,3172.0
135,2015-05-12,EE,1,704.0,685.0,684.0,670.0,671.0,784.0,921.0,1024.0,1044.0,1025.0,1021.0,999.0,1018.0,1000.0,987.0,960.0,934.0,920.0,900.0,886.0,861.0,835.0,744.0,677.0
136,2015-05-13,BE,0,9291.0,8739.0,8339.0,8240.0,8136.0,8615.0,9004.0,10014.0,10722.0,11114.0,11305.0,11300.0,11176.0,11204.0,10984.0,10900.0,10825.0,10572.0,10548.0,10263.0,9834.0,9545.0,9912.0,10002.0
137,2015-05-13,CZ,0,6156.0,6130.0,6013.0,5892.0,5876.0,6101.0,7212.0,7714.0,7854.0,7935.0,7860.0,7934.0,8041.0,7908.0,7758.0,7799.0,7674.0,7519.0,7333.0,7399.0,7422.0,7234.0,6843.0,6407.0
138,2015-05-13,DK,1,2958.0,2854.0,2819.0,2845.0,2899.0,2991.0,3580.0,4184.0,4524.0,4581.0,4664.0,4619.0,4508.0,4486.0,4421.0,4264.0,4211.0,4328.0,4275.0,4032.0,3849.0,3715.0,3499.0,3163.0
139,2015-05-13,EE,1,647.0,632.0,624.0,613.0,619.0,733.0,879.0,991.0,1039.0,1039.0,1031.0,1011.0,1036.0,1033.0,1035.0,1008.0,976.0,945.0,918.0,898.0,893.0,871.0,784.0,716.0
140,2015-05-14,BE,0,9206.0,8663.0,8182.0,8012.0,7933.0,7731.0,7527.0,7860.0,8150.0,8609.0,8810.0,9091.0,9316.0,9386.0,8939.0,8832.0,8693.0,8967.0,9314.0,9345.0,9145.0,8858.0,9290.0,9207.0
141,2015-05-14,CZ,0,6132.0,6151.0,6028.0,5888.0,5899.0,6108.0,7094.0,7652.0,7886.0,7997.0,7938.0,8004.0,8070.0,7977.0,7837.0,7880.0,7733.0,7599.0,7384.0,7447.0,7424.0,7263.0,6887.0,6533.0
142,2015-05-14,DK,1,2910.0,2752.0,2671.0,2650.0,2655.0,2649.0,2807.0,3158.0,3450.0,3589.0,3655.0,3617.0,3548.0,3444.0,3342.0,3308.0,3333.0,3602.0,3622.0,3453.0,3312.0,3258.0,3164.0,2946.0
143,2015-05-14,EE,1,684.0,662.0,656.0,644.0,644.0,757.0,894.0,993.0,1030.0,1025.0,1018.0,998.0,1018.0,1004.0,991.0,966.0,939.0,924.0,905.0,885.0,877.0,870.0,801.0,729.0
144,2015-05-15,BE,0,8604.0,8105.0,7816.0,7600.0,7672.0,7708.0,8057.0,8524.0,9098.0,9687.0,9935.0,10155.0,10370.0,10003.0,9682.0,9659.0,9516.0,9574.0,9624.0,9501.0,9301.0,9061.0,9494.0,9558.0
145,2015-05-15,CZ,0,6140.0,6116.0,6009.0,5923.0,5954.0,6106.0,7178.0,7656.0,7757.0,7884.0,7829.0,7858.0,7881.0,7802.0,7644.0,7690.0,7504.0,7347.0,7186.0,7169.0,7085.0,6979.0,6548.0,6160.0
146,2015-05-15,DK,1,2708.0,2567.0,2520.0,2520.0,2553.0,2607.0,2908.0,3348.0,3687.0,3842.0,3894.0,3878.0,3792.0,3743.0,3642.0,3535.0,3552.0,3711.0,3723.0,3485.0,3299.0,3245.0,3164.0,2905.0
147,2015-05-15,EE,1,694.0,680.0,675.0,654.0,672.0,781.0,900.0,1000.0,1030.0,1034.0,1027.0,1019.0,1044.0,1027.0,1012.0,983.0,960.0,944.0,921.0,900.0,880.0,871.0,811.0,746.0
148,2015-05-16,BE,0,8918.0,8291.0,7962.0,7818.0,7691.0,7750.0,7819.0,8150.0,8633.0,9348.0,9810.0,10025.0,10236.0,10197.0,9856.0,9746.0,9573.0,9516.0,9613.0,9328.0,9140.0,8946.0,9202.0,9271.0
149,2015-05-16,CZ,0,5684.0,5515.0,5474.0,5467.0,5453.0,5244.0,5580.0,5988.0,6377.0,6679.0,6852.0,6958.0,6769.0,6721.0,6524.0,6554.0,6378.0,6111.0,6093.0,6161.0,6147.0,6156.0,5933.0,5542.0
150,2015-05-16,DK,1,2707.0,2575.0,2495.0,2481.0,2459.0,2457.0,2604.0,2933.0,3232.0,3443.0,3567.0,3574.0,3544.0,3504.0,3466.0,3416.0,3480.0,3776.0,3727.0,3468.0,3274.0,3181.0,3150.0,2914.0
151,2015-05-16,EE,1,710.0,693.0,680.0,655.0,642.0,668.0,719.0,789.0,848.0,864.0,855.0,845.0,839.0,827.0,815.0,810.0,805.0,800.0,797.0,788.0,783.0,799.0,762.0,708.0
152,2015-05-17,BE,0,8533.0,8006.0,7591.0,7524.0,7416.0,7533.0,7408.0,7719.0,8112.0,8583.0,9012.0,9188.0,9391.0,9161.0,8826.0,8592.0,8425.0,8582.0,8834.0,8972.0,8951.0,8847.0,9158.0,9264.0
153,2015-05-17,CZ,0,5314.0,5202.0,5225.0,5160.0,5111.0,4886.0,5030.0,5435.0,5922.0,6370.0,6696.0,6836.0,6644.0,6587.0,6452.0,6474.0,6417.0,6229.0,6261.0,6394.0,6489.0,6533.0,6437.0,6143.0
154,2015-05-17,DK,1,2722.0,2617.0,2580.0,2626.0,2588.0,2553.0,2651.0,2837.0,3136.0,3332.0,3443.0,3472.0,3452.0,3451.0,3479.0,3384.0,3489.0,3740.0,3656.0,3457.0,3312.0,3256.0,3162.0,2851.0
155,2015-05-17,EE,1,674.0,660.0,651.0,619.0,614.0,636.0,672.0,734.0,791.0,815.0,811.0,801.0,797.0,796.0,792.0,800.0,815.0,830.0,842.0,830.0,817.0,812.0,753.0,693.0
156,2015-05-18,BE,0,8545.0,8041.0,7720.0,7658.0,7634.0,7957.0,8741.0,9861.0,10559.0,10934.0,10979.0,11198.0,11135.0,10986.0,10935.0,10813.0,10769.0,10716.0,11005.0,10876.0,10498.0,10143.0,10226.0,10165.0
157,2015-05-18,CZ,0,5867.0,5962.0,5846.0,5764.0,5795.0,5986.0,7077.0,7600.0,7741.0,7841.0,7726.0,7802.0,7926.0,7873.0,7707.0,7758.0,7630.0,7459.0,7255.0,7329.0,7266.0,7234.0,6860.0,6432.0
158,2015-05-18,DK,1,2695.0,2614.0,2566.0,2584.0,2659.0,2794.0,3390.0,4023.0,4324.0,4368.0,4482.0,4484.0,4420.0,4458.0,4382.0,4216.0,4193.0,4420.0,4348.0,4111.0,3882.0,3787.0,3527.0,3181.0
159,2015-05-18,EE,1,658.0,639.0,637.0,620.0,631.0,745.0,888.0,1003.0,1050.0,1061.0,1059.0,1040.0,1058.0,1037.0,1024.0,994.0,967.0,966.0,943.0,923.0,903.0,869.0,798.0,738.0
160,2015-05-19,BE,0,9302.0,8811.0,8384.0,8268.0,8245.0,8657.0,9086.0,10199.0,10752.0,11094.0,11181.0,11355.0,11324.0,11400.0,11084.0,10821.0,11086.0,10897.0,10917.0,10604.0,10378.0,10046.0,10371.0,10390.0
161,2015-05-19,CZ,0,6090.0,6096.0,5990.0,5902.0,5875.0,6057.0,7149.0,7705.0,7870.0,8021.0,7968.0,8080.0,8172.0,8114.0,7921.0,7960.0,7900.0,7736.0,7513.0,7570.0,7445.0,7241.0,6831.0,6448.0
162,2015-05-19,DK,1,2983.0,2814.0,2759.0,2741.0,2853.0,2989.0,3560.0,4208.0,4448.0,4457.0,4599.0,4568.0,4484.0,4495.0,4369.0,4271.0,4113.0,4268.0,4155.0,3974.0,3902.0,3772.0,3556.0,3202.0
163,2015-05-19,EE,1,701.0,677.0,681.0,663.0,677.0,783.0,924.0,1036.0,1070.0,1054.0,1046.0,1021.0,1042.0,1029.0,1020.0,985.0,951.0,924.0,918.0,905.0,897.0,879.0,810.0,734.0
164,2015-05-20,BE,0,9448.0,8861.0,8602.0,8311.0,8293.0,8713.0,9208.0,10240.0,10839.0,11263.0,11374.0,11460.0,11402.0,11225.0,11289.0,11121.0,10985.0,10820.0,10823.0,10584.0,10268.0,10026.0,10361.0,10233.0
165,2015-05-20,CZ,0,6166.0,6178.0,6026.0,5889.0,5914.0,6154.0,7141.0,7717.0,7972.0,8160.0,8107.0,8198.0,8259.0,8156.0,8033.0,8105.0,8016.0,7933.0,7758.0,7754.0,7519.0,7286.0,6892.0,6490.0
166,2015-05-20,DK,1,2948.0,2824.0,2760.0,2745.0,2813.0,2943.0,3522.0,4141.0,4392.0,4455.0,4521.0,4491.0,4384.0,4401.0,4323.0,4187.0,4183.0,4388.0,4232.0,4001.0,3769.0,3626.0,3520.0,3193.0
167,2015-05-20,EE,1,693.0,675.0,666.0,640.0,658.0,776.0,904.0,1010.0,1034.0,1023.0,1021.0,1000.0,1024.0,1004.0,997.0,963.0,928.0,915.0,909.0,889.0,876.0,859.0,790.0,725.0
168,2015-05-21,BE,0,9477.0,8809.0,8433.0,8298.0,8403.0,8645.0,9191.0,10195.0,10745.0,11108.0,11208.0,11341.0,11250.0,11171.0,11002.0,10936.0,10833.0,10897.0,10846.0,10625.0,10393.0,9978.0,10321.0,10357.0
169,2015-05-21,CZ,0,6172.0,6144.0,6032.0,5931.0,5939.0,6171.0,7199.0,7763.0,7928.0,8131.0,8047.0,8098.0,8176.0,8098.0,7945.0,8035.0,7928.0,7815.0,7638.0,7651.0,7443.0,7201.0,6843.0,6473.0
170,2015-05-21,DK,1,2937.0,2814.0,2765.0,2765.0,2795.0,2971.0,3542.0,4142.0,4390.0,4455.0,4537.0,4512.0,4428.0,4450.0,4355.0,4200.0,4140.0,4293.0,4181.0,3990.0,3768.0,3639.0,3506.0,3178.0
171,2015-05-21,EE,1,687.0,663.0,655.0,645.0,654.0,770.0,916.0,1042.0,1085.0,1087.0,1090.0,1069.0,1092.0,1070.0,1053.0,1012.0,974.0,950.0,926.0,904.0,880.0,862.0,817.0,752.0
172,2015-05-22,BE,0,9530.0,9000.0,8531.0,8447.0,8519.0,8724.0,9139.0,10352.0,10851.0,11288.0,11317.0,11480.0,11378.0,11273.0,11035.0,10823.0,10657.0,10622.0,10433.0,10173.0,9844.0,9571.0,9953.0,10027.0
173,2015-05-22,CZ,0,6135.0,6136.0,6034.0,5925.0,5928.0,6124.0,7201.0,7703.0,7791.0,7867.0,7848.0,7911.0,7913.0,7796.0,7644.0,7711.0,7574.0,7398.0,7239.0,7179.0,7028.0,6823.0,6434.0,6100.0
174,2015-05-22,DK,1,2919.0,2796.0,2752.0,2751.0,2785.0,2957.0,3523.0,4128.0,4401.0,4461.0,4547.0,4493.0,4350.0,4259.0,4064.0,3894.0,3855.0,4019.0,3965.0,3763.0,3547.0,3396.0,3274.0,3040.0
175,2015-05-22,EE,1,713.0,690.0,673.0,646.0,669.0,779.0,903.0,1001.0,1038.0,1032.0,1020.0,1003.0,1026.0,1005.0,986.0,949.0,928.0,908.0,881.0,860.0,840.0,839.0,798.0,735.0
176,2015-05-23,BE,0,9281.0,8707.0,8327.0,8107.0,7907.0,7808.0,7742.0,8103.0,8769.0,9420.0,9835.0,9969.0,10025.0,9784.0,9536.0,9474.0,9510.0,9566.0,9676.0,9523.0,9198.0,8877.0,9271.0,9329.0
177,2015-05-23,CZ,0,5581.0,5438.0,5410.0,5388.0,5381.0,5191.0,5529.0,5958.0,6356.0,6655.0,6870.0,6973.0,6780.0,6724.0,6564.0,6512.0,6411.0,6245.0,6282.0,6262.0,6163.0,6081.0,5866.0,5528.0
178,2015-05-23,DK,1,2802.0,2675.0,2593.0,2579.0,2556.0,2557.0,2708.0,3010.0,3331.0,3538.0,3633.0,3590.0,3508.0,3426.0,3356.0,3307.0,3335.0,3554.0,3581.0,3382.0,3215.0,3119.0,3122.0,2937.0
179,2015-05-23,EE,1,697.0,677.0,654.0,621.0,614.0,646.0,697.0,778.0,834.0,859.0,868.0,863.0,856.0,832.0,813.0,806.0,799.0,793.0,796.0,799.0,786.0,777.0,757.0,719.0
180,2015-05-24,BE,0,8698.0,8315.0,7868.0,7648.0,7507.0,7519.0,7438.0,7672.0,8142.0,8701.0,9084.0,9209.0,9414.0,9160.0,8741.0,8628.0,8347.0,8463.0,8651.0,8810.0,8801.0,8689.0,9143.0,8904.0
181,2015-05-24,CZ,0,5268.0,5147.0,5140.0,5086.0,5053.0,4862.0,5026.0,5361.0,5854.0,6323.0,6646.0,6831.0,6614.0,6580.0,6419.0,6393.0,6296.0,6156.0,6271.0,6404.0,6404.0,6419.0,6326.0,6015.0
182,2015-05-24,DK,1,2738.0,2575.0,2487.0,2444.0,2387.0,2367.0,2477.0,2740.0,3031.0,3216.0,3302.0,3302.0,3227.0,3155.0,3111.0,3072.0,3135.0,3379.0,3432.0,3310.0,3218.0,3138.0,3097.0,2878.0
183,2015-05-24,EE,1,684.0,656.0,627.0,592.0,598.0,624.0,653.0,709.0,770.0,797.0,798.0,790.0,786.0,778.0,774.0,772.0,784.0,791.0,801.0,804.0,795.0,786.0,746.0,692.0
184,2015-05-25,BE,0,8395.0,7952.0,7652.0,7513.0,7391.0,7430.0,7346.0,7605.0,7928.0,8330.0,8964.0,9155.0,9505.0,9265.0,8943.0,8780.0,8711.0,8876.0,9139.0,9146.0,8968.0,8925.0,9276.0,9219.0
185,2015-05-25,CZ,0,5838.0,5865.0,5750.0,5716.0,5693.0,5931.0,6994.0,7573.0,7810.0,7924.0,7812.0,7894.0,8005.0,7917.0,7782.0,7838.0,7708.0,7622.0,7482.0,7488.0,7377.0,7162.0,6719.0,6346.0
186,2015-05-25,DK,1,2646.0,2510.0,2440.0,2426.0,2401.0,2399.0,2576.0,2843.0,3191.0,3404.0,3521.0,3561.0,3537.0,3489.0,3463.0,3422.0,3458.0,3738.0,3741.0,3543.0,3354.0,3247.0,3175.0,2894.0
187,2015-05-25,EE,1,653.0,629.0,612.0,584.0,599.0,715.0,864.0,971.0,1012.0,1010.0,995.0,974.0,995.0,984.0,977.0,942.0,922.0,906.0,886.0,866.0,845.0,819.0,774.0,708.0
188,2015-05-26,BE,0,8531.0,8047.0,7692.0,7620.0,7650.0,8072.0,8663.0,9804.0,10452.0,10845.0,11087.0,11178.0,11152.0,11015.0,10926.0,10971.0,10926.0,10784.0,10843.0,10471.0,10151.0,9878.0,10001.0,10022.0
189,2015-05-26,CZ,0,6033.0,6019.0,5901.0,5825.0,5835.0,6092.0,7141.0,7756.0,7979.0,8234.0,8166.0,8249.0,8209.0,8129.0,8032.0,8117.0,8000.0,7861.0,7656.0,7625.0,7490.0,7254.0,6897.0,6507.0
190,2015-05-26,DK,1,2710.0,2606.0,2571.0,2594.0,2627.0,2804.0,3412.0,4037.0,4334.0,4409.0,4492.0,4601.0,4548.0,4379.0,4300.0,4120.0,4049.0,4270.0,4155.0,3941.0,3734.0,3585.0,3460.0,3125.0
191,2015-05-26,EE,1,676.0,649.0,633.0,609.0,631.0,742.0,879.0,976.0,1006.0,1002.0,1001.0,991.0,1025.0,1019.0,1016.0,990.0,960.0,941.0,922.0,903.0,875.0,847.0,772.0,710.0
192,2015-05-27,BE,0,9269.0,8724.0,8344.0,8279.0,8250.0,8511.0,9137.0,10082.0,10826.0,11098.0,11272.0,11403.0,11212.0,11104.0,11003.0,10972.0,10828.0,10673.0,10664.0,10399.0,10099.0,9739.0,10006.0,10008.0
193,2015-05-27,CZ,0,6119.0,6138.0,6009.0,5936.0,5939.0,6196.0,7350.0,7889.0,8028.0,8136.0,8111.0,8156.0,8199.0,8110.0,7992.0,8046.0,7923.0,7853.0,7667.0,7661.0,7490.0,7289.0,6971.0,6552.0
194,2015-05-27,DK,1,2906.0,2780.0,2718.0,2728.0,2749.0,2935.0,3469.0,4045.0,4294.0,4401.0,4481.0,4470.0,4380.0,4383.0,4280.0,4111.0,4040.0,4208.0,4080.0,3867.0,3698.0,3540.0,3432.0,3159.0
195,2015-05-27,EE,1,678.0,654.0,641.0,616.0,636.0,747.0,888.0,978.0,1021.0,1031.0,1030.0,1011.0,1030.0,1018.0,1008.0,981.0,953.0,934.0,915.0,892.0,866.0,831.0,787.0,722.0
196,2015-05-28,BE,0,9171.0,8567.0,8222.0,8081.0,8104.0,8267.0,8734.0,9727.0,10463.0,10886.0,11059.0,11238.0,11230.0,11071.0,10943.0,10909.0,10668.0,10631.0,10607.0,10392.0,10089.0,9850.0,10012.0,10005.0
197,2015-05-28,CZ,0,6225.0,6213.0,6073.0,5976.0,5958.0,6179.0,7296.0,7815.0,7981.0,8077.0,7977.0,8010.0,8079.0,8005.0,7849.0,7893.0,7709.0,7538.0,7302.0,7307.0,7269.0,7202.0,6878.0,6482.0
198,2015-05-28,DK,1,2929.0,2776.0,2704.0,2710.0,2735.0,2894.0,3490.0,4153.0,4454.0,4482.0,4645.0,4501.0,4628.0,4592.0,4505.0,4696.0,4730.0,4742.0,4514.0,3943.0,3743.0,3601.0,3486.0,3214.0
199,2015-05-28,EE,1,683.0,659.0,642.0,620.0,640.0,752.0,883.0,991.0,1026.0,1021.0,1016.0,997.0,1024.0,1008.0,995.0,958.0,929.0,908.0,884.0,866.0,851.0,823.0,786.0,724.0
200,2015-05-29,BE,0,9256.0,8601.0,8231.0,8060.0,8189.0,8506.0,8962.0,10040.0,10732.0,11146.0,11148.0,11259.0,11288.0,11050.0,10927.0,10648.0,10478.0,10601.0,10734.0,10599.0,10364.0,9997.0,10052.0,10065.0
201,2015-05-29,CZ,0,6127.0,6112.0,5986.0,5896.0,5859.0,6060.0,7113.0,7607.0,7776.0,7891.0,7811.0,7886.0,7872.0,7785.0,7652.0,7711.0,7582.0,7414.0,7170.0,7053.0,6855.0,6765.0,6434.0,6064.0
202,2015-05-29,DK,1,2927.0,2803.0,2767.0,2772.0,2780.0,2942.0,3479.0,4054.0,4296.0,4243.0,4322.0,4429.0,4251.0,4182.0,3993.0,3859.0,3871.0,4075.0,4022.0,3762.0,3534.0,3403.0,3292.0,3053.0
203,2015-05-29,EE,1,685.0,663.0,640.0,613.0,633.0,744.0,868.0,971.0,1011.0,1011.0,1012.0,999.0,1016.0,989.0,979.0,950.0,920.0,894.0,867.0,839.0,811.0,790.0,767.0,711.0
204,2015-05-30,BE,0,9259.0,8631.0,8201.0,7941.0,7844.0,7858.0,7608.0,8077.0,8773.0,9564.0,9889.0,9822.0,9894.0,9759.0,9530.0,9403.0,9411.0,9326.0,9445.0,9291.0,9036.0,8857.0,9136.0,9307.0
205,2015-05-30,CZ,0,5503.0,5336.0,5276.0,5252.0,5182.0,5001.0,5319.0,5719.0,6130.0,6460.0,6716.0,6869.0,6674.0,6598.0,6408.0,6426.0,6240.0,5982.0,5882.0,5878.0,5862.0,5884.0,5739.0,5426.0
206,2015-05-30,DK,1,2853.0,2706.0,2624.0,2594.0,2545.0,2578.0,2702.0,2987.0,3305.0,3522.0,3620.0,3576.0,3485.0,3439.0,3380.0,3262.0,3130.0,3570.0,3596.0,3395.0,3245.0,3114.0,3081.0,2907.0
207,2015-05-30,EE,1,675.0,646.0,626.0,597.0,598.0,630.0,682.0,751.0,797.0,815.0,815.0,806.0,799.0,788.0,778.0,771.0,766.0,766.0,765.0,756.0,753.0,749.0,716.0,666.0
208,2015-05-31,BE,0,8661.0,8231.0,7716.0,7589.0,7482.0,7543.0,7304.0,7647.0,8036.0,8623.0,8930.0,9356.0,9672.0,9520.0,9062.0,8958.0,9004.0,9039.0,9408.0,9474.0,9344.0,9257.0,9090.0,9159.0
209,2015-05-31,CZ,0,5095.0,4958.0,4983.0,5013.0,4879.0,4677.0,4883.0,5252.0,5726.0,6140.0,6442.0,6574.0,6361.0,6286.0,6217.0,6151.0,6065.0,5877.0,5960.0,6057.0,6204.0,6292.0,6311.0,5903.0
210,2015-05-31,DK,1,2731.0,2614.0,2553.0,2507.0,2468.0,2448.0,2501.0,2740.0,3030.0,3250.0,3346.0,3396.0,3347.0,3319.0,3324.0,3305.0,3405.0,3757.0,3745.0,3622.0,3464.0,3321.0,3165.0,2940.0
211,2015-05-31,EE,1,629.0,606.0,578.0,555.0,557.0,582.0,626.0,693.0,754.0,780.0,784.0,779.0,782.0,778.0,774.0,780.0,797.0,791.0,803.0,790.0,767.0,747.0,732.0,670.0
212,2015-06-01,BE,0,8562.0,8192.0,7898.0,7676.0,7724.0,8165.0,8728.0,9907.0,10565.0,11009.0,11154.0,11243.0,11060.0,10957.0,10894.0,10692.0,10553.0,10662.0,10801.0,10553.0,10217.0,9806.0,10054.0,10070.0
213,2015-06-01,CZ,0,5674.0,5716.0,5581.0,5531.0,5450.0,5740.0,6744.0,7390.0,7561.0,7729.0,7623.0,7736.0,7850.0,7787.0,7659.0,7721.0,7556.0,7395.0,7140.0,7158.0,7112.0,6994.0,6658.0,6231.0
214,2015-06-01,DK,1,2752.0,2677.0,2630.0,2668.0,2687.0,2837.0,3385.0,3989.0,4288.0,4332.0,4449.0,4477.0,4396.0,4365.0,4283.0,4091.0,4024.0,4240.0,4125.0,3919.0,3695.0,3508.0,3436.0,3145.0
215,2015-06-01,EE,1,631.0,612.0,593.0,572.0,599.0,710.0,839.0,952.0,994.0,993.0,990.0,977.0,1001.0,986.0,977.0,946.0,920.0,903.0,886.0,872.0,842.0,810.0,756.0,696.0
216,2015-06-02,BE,0,9169.0,8635.0,8256.0,8060.0,7976.0,8174.0,8709.0,10019.0,10737.0,11181.0,11328.0,11477.0,11304.0,11213.0,11201.0,11011.0,10934.0,10931.0,10950.0,10559.0,10305.0,9855.0,10048.0,10051.0
217,2015-06-02,CZ,0,5936.0,5910.0,5830.0,5722.0,5698.0,5880.0,6869.0,7517.0,7787.0,7976.0,7827.0,7922.0,7988.0,7905.0,7791.0,7845.0,7703.0,7544.0,7415.0,7359.0,7259.0,7152.0,6933.0,6500.0
218,2015-06-02,DK,1,2894.0,2747.0,2667.0,2671.0,2712.0,2926.0,3480.0,4099.0,4352.0,4446.0,4594.0,4629.0,4588.0,4620.0,4525.0,4402.0,4323.0,4520.0,4359.0,4140.0,3887.0,3745.0,3511.0,3202.0
219,2015-06-02,EE,1,661.0,641.0,633.0,613.0,627.0,731.0,851.0,958.0,989.0,975.0,968.0,957.0,992.0,989.0,984.0,955.0,924.0,914.0,892.0,872.0,841.0,808.0,773.0,702.0
220,2015-06-03,BE,0,9331.0,8747.0,8484.0,8233.0,8250.0,8502.0,9034.0,10140.0,10904.0,11182.0,11349.0,11366.0,11331.0,11302.0,11209.0,11044.0,11037.0,10924.0,10914.0,10608.0,10184.0,9867.0,10048.0,10058.0
221,2015-06-03,CZ,0,6135.0,6087.0,5976.0,5840.0,5785.0,5981.0,7055.0,7613.0,7904.0,8084.0,8078.0,8167.0,8215.0,8139.0,8034.0,8081.0,7919.0,7729.0,7403.0,7338.0,7242.0,7173.0,6875.0,6404.0
222,2015-06-03,DK,1,2939.0,2834.0,2784.0,2778.0,2787.0,2944.0,3470.0,4054.0,4335.0,4400.0,4471.0,4435.0,4406.0,4426.0,4315.0,4086.0,4039.0,4206.0,4072.0,3826.0,3646.0,3474.0,3355.0,3106.0
223,2015-06-03,EE,1,669.0,648.0,634.0,614.0,628.0,735.0,862.0,974.0,1015.0,1018.0,1019.0,1003.0,1002.0,978.0,974.0,950.0,933.0,910.0,889.0,867.0,836.0,810.0,772.0,708.0
224,2015-06-04,BE,0,9258.0,8726.0,8348.0,8215.0,8231.0,8457.0,9086.0,10060.0,10791.0,11066.0,11310.0,11362.0,11303.0,11052.0,11085.0,11031.0,10871.0,10911.0,10872.0,10489.0,10208.0,9844.0,9916.0,10083.0
225,2015-06-04,CZ,0,6091.0,6068.0,5926.0,5797.0,5720.0,5907.0,6919.0,7491.0,7792.0,7930.0,7898.0,7979.0,8033.0,7966.0,7896.0,7926.0,7789.0,7556.0,7260.0,7175.0,7105.0,7013.0,6806.0,6401.0
226,2015-06-04,DK,1,2836.0,2711.0,2676.0,2707.0,2726.0,2886.0,3430.0,4036.0,4276.0,4305.0,4416.0,4367.0,4288.0,4254.0,4118.0,3956.0,3870.0,3968.0,3902.0,3718.0,3530.0,3386.0,3295.0,3046.0
227,2015-06-04,EE,1,670.0,650.0,628.0,611.0,631.0,730.0,855.0,964.0,1004.0,1001.0,1002.0,988.0,1011.0,1002.0,989.0,962.0,926.0,909.0,879.0,856.0,835.0,801.0,767.0,710.0
228,2015-06-05,BE,0,9261.0,8721.0,8255.0,8193.0,8152.0,8336.0,8730.0,9969.0,10767.0,11234.0,11506.0,11659.0,11549.0,11356.0,11288.0,11017.0,10904.0,10824.0,10842.0,10435.0,10218.0,9670.0,9622.0,9587.0
229,2015-06-05,CZ,0,6064.0,6019.0,5898.0,5767.0,5660.0,5870.0,6864.0,7494.0,7804.0,7973.0,7865.0,7970.0,7979.0,7883.0,7743.0,7782.0,7607.0,7372.0,7021.0,6883.0,6707.0,6623.0,6391.0,6016.0
230,2015-06-05,DK,1,2773.0,2610.0,2542.0,2523.0,2480.0,2526.0,2793.0,3159.0,3449.0,3566.0,3630.0,3621.0,3547.0,3430.0,3284.0,3175.0,3237.0,3474.0,3429.0,3268.0,3112.0,2998.0,2977.0,2792.0
231,2015-06-05,EE,1,668.0,644.0,618.0,603.0,625.0,720.0,847.0,949.0,977.0,968.0,961.0,956.0,987.0,970.0,954.0,931.0,904.0,873.0,854.0,830.0,806.0,781.0,759.0,702.0
232,2015-06-06,BE,0,8938.0,8486.0,8116.0,7808.0,7679.0,7666.0,7567.0,8092.0,8714.0,9299.0,9760.0,9851.0,9916.0,9720.0,9416.0,9229.0,9131.0,9129.0,9183.0,9075.0,8875.0,8728.0,8854.0,8978.0
233,2015-06-06,CZ,0,5412.0,5237.0,5175.0,5173.0,5064.0,4884.0,5211.0,5667.0,6137.0,6438.0,6646.0,6788.0,6634.0,6543.0,6431.0,6432.0,6301.0,6038.0,5931.0,5821.0,5801.0,5889.0,5825.0,5473.0
234,2015-06-06,DK,1,2560.0,2400.0,2348.0,2356.0,2335.0,2329.0,2474.0,2758.0,3096.0,3301.0,3405.0,3364.0,3341.0,3260.0,3161.0,3114.0,3175.0,3350.0,3342.0,3155.0,3049.0,2948.0,2906.0,2804.0
235,2015-06-06,EE,1,657.0,643.0,613.0,588.0,592.0,621.0,673.0,740.0,792.0,812.0,810.0,801.0,800.0,782.0,778.0,768.0,769.0,759.0,766.0,761.0,747.0,735.0,711.0,666.0
236,2015-06-07,BE,0,8378.0,7939.0,7566.0,7441.0,7309.0,7293.0,7177.0,7453.0,7989.0,8653.0,8947.0,9113.0,9376.0,9071.0,8801.0,8528.0,8431.0,8601.0,8780.0,8896.0,8856.0,8812.0,8980.0,9015.0
237,2015-06-07,CZ,0,5227.0,5077.0,5043.0,5003.0,4848.0,4671.0,4835.0,5255.0,5760.0,6230.0,6563.0,6768.0,6539.0,6484.0,6435.0,6410.0,6331.0,6153.0,6137.0,6160.0,6194.0,6237.0,6226.0,5919.0
238,2015-06-07,DK,1,2644.0,2480.0,2409.0,2417.0,2341.0,2329.0,2416.0,2647.0,2945.0,3128.0,3227.0,3244.0,3210.0,3139.0,3127.0,3077.0,3169.0,3477.0,3504.0,3316.0,3172.0,3073.0,2996.0,2844.0
239,2015-06-07,EE,1,625.0,595.0,529.0,526.0,524.0,546.0,583.0,659.0,730.0,771.0,772.0,771.0,767.0,752.0,747.0,745.0,755.0,764.0,758.0,762.0,741.0,714.0,709.0,662.0
240,2015-06-08,BE,0,8245.0,7917.0,7628.0,7597.0,7635.0,7861.0,8458.0,9698.0,10381.0,10869.0,11115.0,11337.0,11249.0,11052.0,11044.0,10919.0,10826.0,10623.0,10648.0,10450.0,10024.0,9593.0,9660.0,9689.0
241,2015-06-08,CZ,0,5684.0,5689.0,5561.0,5513.0,5433.0,5659.0,6715.0,7339.0,7625.0,7797.0,7665.0,7828.0,7938.0,7869.0,7793.0,7814.0,7679.0,7496.0,7268.0,7330.0,7243.0,7003.0,6655.0,6244.0
242,2015-06-08,DK,1,2661.0,2542.0,2497.0,2529.0,2526.0,2735.0,3295.0,3936.0,4280.0,4357.0,4447.0,4425.0,4363.0,4360.0,4245.0,4108.0,4040.0,4240.0,4155.0,3926.0,3692.0,3505.0,3393.0,3157.0
243,2015-06-08,EE,1,623.0,606.0,577.0,549.0,567.0,678.0,812.0,922.0,969.0,978.0,976.0,963.0,982.0,970.0,962.0,932.0,907.0,883.0,862.0,844.0,813.0,778.0,735.0,684.0
244,2015-06-09,BE,0,8924.0,8568.0,8256.0,8140.0,8151.0,8334.0,8957.0,9872.0,10575.0,10934.0,10985.0,11073.0,11128.0,11012.0,10859.0,10882.0,10715.0,10667.0,10704.0,10323.0,10005.0,9660.0,9752.0,9873.0
245,2015-06-09,CZ,0,5954.0,5900.0,5791.0,5664.0,5644.0,5847.0,6853.0,7480.0,7714.0,7772.0,7673.0,7790.0,7923.0,7865.0,7745.0,7794.0,7685.0,7553.0,7340.0,7308.0,7219.0,6981.0,6657.0,6247.0
246,2015-06-09,DK,1,2910.0,2782.0,2718.0,2710.0,2704.0,2864.0,3404.0,4007.0,4267.0,4323.0,4390.0,4404.0,4323.0,4348.0,4274.0,4094.0,4006.0,4179.0,4065.0,3838.0,3652.0,3461.0,3362.0,3115.0
247,2015-06-09,EE,1,651.0,637.0,607.0,591.0,615.0,721.0,837.0,943.0,986.0,990.0,971.0,949.0,970.0,952.0,940.0,902.0,873.0,852.0,834.0,819.0,800.0,763.0,726.0,669.0
248,2015-06-10,BE,0,9150.0,8565.0,8273.0,8201.0,8162.0,8292.0,8855.0,9904.0,10691.0,11050.0,11229.0,11254.0,11364.0,11188.0,11009.0,10963.0,10778.0,10752.0,10677.0,10399.0,10054.0,9727.0,9709.0,9832.0
249,2015-06-10,CZ,0,5941.0,5910.0,5796.0,5725.0,5669.0,5875.0,6890.0,7506.0,7814.0,7867.0,7768.0,7918.0,7958.0,7892.0,7730.0,7806.0,7648.0,7459.0,7219.0,7212.0,7131.0,6993.0,6799.0,6334.0
250,2015-06-10,DK,1,2869.0,2740.0,2682.0,2695.0,2686.0,2846.0,3388.0,4013.0,4283.0,4345.0,4434.0,4410.0,4336.0,4314.0,4191.0,4089.0,3967.0,4099.0,3966.0,3768.0,3585.0,3406.0,3312.0,3041.0
251,2015-06-10,EE,1,637.0,619.0,598.0,577.0,596.0,703.0,816.0,915.0,953.0,954.0,954.0,942.0,961.0,950.0,938.0,909.0,881.0,863.0,845.0,823.0,798.0,774.0,731.0,673.0
252,2015-06-11,BE,0,9137.0,8698.0,8365.0,8312.0,8336.0,8392.0,8881.0,10084.0,10725.0,11122.0,11301.0,11471.0,11367.0,11367.0,11198.0,11120.0,11015.0,10940.0,10869.0,10523.0,10257.0,9797.0,10025.0,9958.0
253,2015-06-11,CZ,0,5998.0,5945.0,5830.0,5714.0,5643.0,5833.0,6838.0,7482.0,7741.0,7848.0,7766.0,7905.0,7968.0,7868.0,7805.0,7834.0,7669.0,7458.0,7172.0,7236.0,7137.0,7001.0,6771.0,6342.0
254,2015-06-11,DK,1,2829.0,2704.0,2612.0,2599.0,2613.0,2788.0,3365.0,3987.0,4276.0,4752.0,4454.0,4451.0,4392.0,4530.0,4293.0,4147.0,4041.0,4149.0,4040.0,3822.0,3628.0,3458.0,3361.0,3115.0
255,2015-06-11,EE,1,638.0,617.0,598.0,576.0,596.0,696.0,816.0,915.0,938.0,941.0,950.0,935.0,967.0,954.0,945.0,922.0,897.0,869.0,847.0,826.0,801.0,764.0,727.0,672.0
256,2015-06-12,BE,0,9162.0,8841.0,8414.0,8301.0,8111.0,8289.0,8748.0,10020.0,10796.0,11222.0,11436.0,11644.0,11539.0,11249.0,11453.0,11324.0,11128.0,10929.0,10752.0,10382.0,10128.0,9706.0,9791.0,9832.0
257,2015-06-12,CZ,0,6018.0,5937.0,5849.0,5711.0,5615.0,5813.0,6813.0,7474.0,7764.0,7929.0,7880.0,7989.0,8036.0,7956.0,7835.0,7854.0,7720.0,7469.0,7109.0,7017.0,6858.0,6768.0,6485.0,6093.0
258,2015-06-12,DK,1,2868.0,2744.0,2679.0,2659.0,2643.0,2825.0,3351.0,3950.0,4261.0,4336.0,4417.0,4375.0,4230.0,4129.0,3945.0,3780.0,3731.0,3795.0,3726.0,3520.0,3331.0,3202.0,3142.0,2993.0
259,2015-06-12,EE,1,639.0,616.0,583.0,573.0,595.0,697.0,812.0,914.0,960.0,968.0,966.0,952.0,973.0,956.0,945.0,916.0,883.0,854.0,827.0,807.0,771.0,733.0,703.0,654.0
260,2015-06-13,BE,0,9017.0,8533.0,8077.0,7912.0,7906.0,7616.0,7663.0,7998.0,8672.0,9421.0,9765.0,9924.0,9907.0,9556.0,9430.0,9372.0,9155.0,9255.0,9296.0,9095.0,8846.0,8683.0,8692.0,8906.0
261,2015-06-13,CZ,0,5658.0,5436.0,5417.0,5385.0,5278.0,5100.0,5429.0,5917.0,6345.0,6684.0,6872.0,7025.0,6858.0,6827.0,6631.0,6565.0,6446.0,6213.0,6084.0,6008.0,5917.0,5894.0,5825.0,5501.0
262,2015-06-13,DK,1,2748.0,2563.0,2480.0,2450.0,2355.0,2365.0,2538.0,2858.0,3203.0,3418.0,3544.0,3536.0,3480.0,3444.0,3396.0,3359.0,3386.0,3644.0,3692.0,3479.0,3264.0,3122.0,2985.0,2813.0
263,2015-06-13,EE,1,624.0,598.0,578.0,546.0,544.0,589.0,633.0,712.0,773.0,788.0,796.0,794.0,788.0,779.0,765.0,753.0,748.0,736.0,736.0,724.0,702.0,683.0,672.0,640.0
264,2015-06-14,BE,0,8425.0,8029.0,7523.0,7495.0,7405.0,7310.0,7237.0,7556.0,8053.0,8561.0,9043.0,9323.0,9452.0,9186.0,8790.0,8724.0,8566.0,8624.0,8798.0,8972.0,9021.0,8777.0,9000.0,8973.0
265,2015-06-14,CZ,0,5150.0,5037.0,4984.0,4973.0,4807.0,4638.0,4822.0,5233.0,5762.0,6224.0,6587.0,6716.0,6576.0,6526.0,6464.0,6451.0,6330.0,6138.0,6156.0,6279.0,6263.0,6235.0,6233.0,5911.0
266,2015-06-14,DK,1,2597.0,2426.0,2355.0,2306.0,2288.0,2254.0,2372.0,2646.0,2955.0,3154.0,3291.0,3297.0,3277.0,3237.0,3204.0,3153.0,3210.0,3491.0,3537.0,3371.0,3209.0,3065.0,2993.0,2801.0
267,2015-06-14,EE,1,612.0,595.0,562.0,538.0,544.0,570.0,590.0,655.0,710.0,744.0,752.0,758.0,767.0,765.0,757.0,762.0,768.0,770.0,777.0,774.0,744.0,717.0,685.0,648.0
268,2015-06-15,BE,0,8288.0,7993.0,7599.0,7632.0,7557.0,7836.0,8421.0,9660.0,10342.0,10882.0,11200.0,11434.0,11302.0,11089.0,10972.0,10816.0,10669.0,10684.0,10692.0,10431.0,9949.0,9539.0,9538.0,9718.0
269,2015-06-15,CZ,0,5701.0,5665.0,5579.0,5496.0,5461.0,5711.0,6760.0,7437.0,7710.0,7902.0,7801.0,7922.0,8016.0,7903.0,7804.0,7820.0,7706.0,7502.0,7270.0,7239.0,7071.0,6858.0,6651.0,6211.0
270,2015-06-15,DK,1,2631.0,2518.0,2484.0,2503.0,2481.0,2653.0,3239.0,3892.0,4186.0,4270.0,4356.0,4354.0,4269.0,4299.0,4210.0,4038.0,3951.0,4178.0,4061.0,3843.0,3620.0,3447.0,3304.0,3072.0
271,2015-06-15,EE,1,625.0,609.0,572.0,552.0,574.0,682.0,795.0,908.0,958.0,969.0,971.0,962.0,987.0,974.0,965.0,938.0,901.0,873.0,851.0,832.0,801.0,748.0,705.0,659.0
272,2015-06-16,BE,0,8944.0,8478.0,8171.0,8045.0,8087.0,8336.0,8804.0,9895.0,10596.0,10925.0,11144.0,11327.0,11180.0,11047.0,11009.0,11031.0,10782.0,10737.0,10581.0,10431.0,10194.0,9665.0,9716.0,9831.0
273,2015-06-16,CZ,0,5921.0,5863.0,5773.0,5656.0,5598.0,5856.0,6834.0,7451.0,7720.0,7846.0,7761.0,7886.0,7928.0,7827.0,7717.0,7747.0,7610.0,7464.0,7245.0,7318.0,7169.0,6946.0,6733.0,6376.0
274,2015-06-16,DK,1,2838.0,2726.0,2658.0,2666.0,2653.0,2829.0,3416.0,4031.0,4326.0,4302.0,4415.0,4444.0,4346.0,4355.0,4292.0,4097.0,4015.0,4176.0,4055.0,3829.0,3620.0,3418.0,3309.0,3062.0
275,2015-06-16,EE,1,616.0,601.0,567.0,553.0,577.0,679.0,789.0,896.0,934.0,944.0,946.0,932.0,956.0,938.0,932.0,903.0,870.0,851.0,827.0,806.0,778.0,742.0,705.0,655.0
276,2015-06-17,BE,0,9035.0,8777.0,8357.0,8208.0,8225.0,8406.0,8775.0,9719.0,10486.0,10955.0,11238.0,11244.0,11306.0,11089.0,11045.0,11009.0,10706.0,10754.0,10820.0,10404.0,10094.0,9697.0,9658.0,9767.0
277,2015-06-17,CZ,0,6000.0,5991.0,5886.0,5786.0,5675.0,5876.0,6866.0,7441.0,7699.0,7825.0,7734.0,7841.0,7955.0,7833.0,7717.0,7735.0,7584.0,7391.0,7094.0,7143.0,6996.0,6872.0,6664.0,6287.0
278,2015-06-17,DK,1,2823.0,2695.0,2628.0,2649.0,2631.0,2815.0,3393.0,4003.0,4250.0,4258.0,4431.0,4429.0,4348.0,4377.0,4357.0,4230.0,4224.0,4411.0,4238.0,4001.0,3732.0,3533.0,3371.0,3095.0
279,2015-06-17,EE,1,623.0,602.0,573.0,557.0,572.0,676.0,791.0,892.0,935.0,938.0,945.0,931.0,935.0,925.0,918.0,896.0,866.0,846.0,829.0,808.0,786.0,744.0,704.0,646.0
280,2015-06-18,BE,0,8810.0,8444.0,8192.0,8065.0,8194.0,8307.0,8736.0,9763.0,10479.0,11063.0,11160.0,11363.0,11361.0,11007.0,11015.0,10797.0,10700.0,10604.0,10534.0,10181.0,9963.0,9523.0,9580.0,9738.0
281,2015-06-18,CZ,0,5962.0,5937.0,5797.0,5707.0,5666.0,5871.0,6864.0,7409.0,7693.0,7817.0,7740.0,7843.0,7946.0,7888.0,7821.0,7885.0,7764.0,7621.0,7393.0,7370.0,7227.0,7053.0,6772.0,6355.0
282,2015-06-18,DK,1,2843.0,2731.0,2662.0,2658.0,2668.0,2833.0,3407.0,4030.0,4299.0,4350.0,4468.0,4446.0,4370.0,4351.0,4248.0,4072.0,3997.0,4176.0,4046.0,3863.0,3687.0,3527.0,3388.0,3212.0
283,2015-06-18,EE,1,604.0,579.0,559.0,540.0,562.0,674.0,778.0,897.0,951.0,958.0,970.0,964.0,991.0,972.0,960.0,945.0,922.0,896.0,875.0,841.0,803.0,761.0,714.0,666.0
284,2015-06-19,BE,0,8997.0,8564.0,8180.0,8144.0,8138.0,8217.0,8633.0,9592.0,10398.0,10709.0,10887.0,11073.0,11088.0,10918.0,10714.0,10572.0,10448.0,10363.0,10233.0,9825.0,9546.0,9307.0,9403.0,9473.0
285,2015-06-19,CZ,0,6029.0,5965.0,5853.0,5751.0,5703.0,5938.0,6946.0,7575.0,7868.0,7940.0,7888.0,7954.0,7950.0,7831.0,7598.0,7648.0,7514.0,7313.0,6999.0,6928.0,6760.0,6590.0,6311.0,5954.0
286,2015-06-19,DK,1,2979.0,2833.0,2700.0,2671.0,2664.0,2807.0,3338.0,3978.0,4243.0,4332.0,4447.0,4436.0,4276.0,4155.0,3964.0,3813.0,3809.0,3936.0,3874.0,3633.0,3430.0,3244.0,3152.0,2990.0
287,2015-06-19,EE,1,631.0,611.0,589.0,561.0,586.0,686.0,803.0,909.0,947.0,965.0,984.0,969.0,987.0,962.0,947.0,925.0,894.0,863.0,833.0,814.0,772.0,735.0,713.0,665.0
288,2015-06-20,BE,0,8755.0,8292.0,7938.0,7804.0,7680.0,7567.0,7485.0,7905.0,8437.0,9172.0,9462.0,9718.0,9794.0,9660.0,9323.0,9117.0,9059.0,8876.0,9130.0,9170.0,8918.0,8809.0,8884.0,8752.0
289,2015-06-20,CZ,0,5431.0,5265.0,5207.0,5176.0,5102.0,4940.0,5239.0,5658.0,6077.0,6446.0,6670.0,6815.0,6642.0,6505.0,6366.0,6380.0,6197.0,5940.0,5836.0,5729.0,5748.0,5729.0,5645.0,5367.0
290,2015-06-20,DK,1,2760.0,2604.0,2514.0,2481.0,2419.0,2419.0,2588.0,2878.0,3212.0,3413.0,3509.0,3528.0,3452.0,3378.0,3294.0,3238.0,3238.0,3405.0,3402.0,3270.0,3089.0,2977.0,2960.0,2867.0
291,2015-06-20,EE,1,641.0,620.0,591.0,566.0,565.0,606.0,661.0,732.0,799.0,824.0,822.0,811.0,814.0,803.0,781.0,764.0,756.0,741.0,728.0,720.0,699.0,671.0,664.0,639.0
292,2015-06-21,BE,0,8389.0,8013.0,7621.0,7461.0,7319.0,7203.0,7114.0,7351.0,7854.0,8503.0,8947.0,9247.0,9642.0,9120.0,8723.0,8664.0,8474.0,8474.0,8690.0,8835.0,8840.0,8669.0,8694.0,8730.0
293,2015-06-21,CZ,0,5167.0,5072.0,4999.0,5022.0,4893.0,4697.0,4883.0,5228.0,5670.0,6147.0,6491.0,6668.0,6521.0,6455.0,6380.0,6347.0,6260.0,6092.0,6139.0,6217.0,6207.0,6204.0,6235.0,5959.0
294,2015-06-21,DK,1,2687.0,2528.0,2494.0,2472.0,2415.0,2430.0,2585.0,2824.0,3133.0,3297.0,3375.0,3419.0,3394.0,3361.0,3292.0,3241.0,3271.0,3554.0,3622.0,3486.0,3362.0,3218.0,3101.0,2896.0
295,2015-06-21,EE,1,612.0,599.0,567.0,537.0,541.0,566.0,608.0,655.0,721.0,757.0,761.0,749.0,745.0,744.0,737.0,735.0,734.0,734.0,736.0,729.0,710.0,693.0,675.0,630.0
296,2015-06-22,BE,0,8128.0,7840.0,7532.0,7456.0,7445.0,7793.0,8409.0,9554.0,10393.0,10904.0,11175.0,11324.0,11408.0,11365.0,11149.0,11126.0,10916.0,10975.0,10981.0,10755.0,10340.0,9854.0,9719.0,9776.0
297,2015-06-22,CZ,0,5726.0,5767.0,5646.0,5547.0,5482.0,5748.0,6812.0,7355.0,7608.0,7782.0,7742.0,7842.0,7928.0,7866.0,7742.0,7886.0,7941.0,7683.0,7428.0,7448.0,7246.0,6996.0,6647.0,6285.0
298,2015-06-22,DK,1,2713.0,2616.0,2560.0,2564.0,2574.0,2778.0,3335.0,3962.0,4252.0,4352.0,4469.0,4449.0,4331.0,4383.0,4299.0,4173.0,4063.0,4240.0,4129.0,3920.0,3702.0,3511.0,3380.0,3151.0
299,2015-06-22,EE,1,590.0,575.0,555.0,536.0,543.0,607.0,679.0,764.0,792.0,808.0,809.0,805.0,799.0,790.0,783.0,756.0,750.0,732.0,715.0,697.0,667.0,644.0,641.0,619.0
300,2015-06-23,BE,0,8959.0,8505.0,8184.0,8049.0,8054.0,8305.0,8844.0,9824.0,10615.0,10962.0,11063.0,11126.0,11200.0,11020.0,10978.0,10807.0,10640.0,10559.0,10640.0,10473.0,9990.0,9708.0,9744.0,9787.0
301,2015-06-23,CZ,0,5953.0,5964.0,5852.0,5810.0,5784.0,6019.0,6984.0,7530.0,7918.0,7997.0,7928.0,8033.0,8191.0,7937.0,7835.0,7900.0,7776.0,7632.0,7367.0,7317.0,7148.0,7019.0,6841.0,6402.0
302,2015-06-23,DK,1,2877.0,2740.0,2693.0,2695.0,2662.0,2833.0,3376.0,4004.0,4259.0,4322.0,4424.0,4421.0,4385.0,4427.0,4346.0,4118.0,4016.0,4093.0,3880.0,3532.0,3476.0,3351.0,3297.0,3105.0
303,2015-06-23,EE,1,575.0,551.0,530.0,503.0,507.0,531.0,564.0,625.0,676.0,705.0,707.0,704.0,699.0,693.0,694.0,685.0,683.0,665.0,639.0,618.0,603.0,594.0,609.0,596.0
304,2015-06-24,BE,0,9177.0,8533.0,8251.0,8037.0,8006.0,8279.0,8741.0,9747.0,10531.0,10968.0,11138.0,11315.0,11308.0,11209.0,11068.0,10929.0,10821.0,10691.0,10650.0,10328.0,10099.0,9664.0,9737.0,9921.0
305,2015-06-24,CZ,0,6061.0,6000.0,5912.0,5795.0,5751.0,5983.0,6917.0,7450.0,7834.0,7862.0,7820.0,7938.0,7984.0,7899.0,7801.0,7847.0,7708.0,7531.0,7234.0,7166.0,7055.0,6983.0,6778.0,6385.0
306,2015-06-24,DK,1,2862.0,2727.0,2656.0,2630.0,2627.0,2789.0,3277.0,3832.0,4165.0,4274.0,4356.0,4345.0,4266.0,4289.0,4061.0,4088.0,4031.0,4227.0,4112.0,3867.0,3663.0,3538.0,3360.0,3129.0
307,2015-06-24,EE,1,573.0,559.0,536.0,507.0,503.0,521.0,552.0,588.0,628.0,656.0,673.0,681.0,682.0,683.0,679.0,679.0,684.0,686.0,690.0,685.0,674.0,650.0,634.0,599.0
308,2015-06-25,BE,0,9143.0,8618.0,8298.0,8167.0,8088.0,8323.0,8689.0,9633.0,10491.0,10872.0,11183.0,11305.0,11291.0,11155.0,11018.0,10973.0,10786.0,10769.0,10688.0,10300.0,9998.0,9690.0,9728.0,9972.0
309,2015-06-25,CZ,0,6018.0,6003.0,5892.0,5805.0,5755.0,5947.0,6858.0,7366.0,7703.0,7826.0,7738.0,7846.0,7885.0,7795.0,7685.0,7714.0,7568.0,7405.0,7149.0,7097.0,6969.0,6887.0,6687.0,6307.0
310,2015-06-25,DK,1,2942.0,2821.0,2753.0,2723.0,2709.0,2842.0,3348.0,3923.0,4182.0,4293.0,4389.0,4362.0,4320.0,4326.0,4239.0,4071.0,4030.0,4177.0,4085.0,3872.0,3657.0,3462.0,3304.0,3100.0
311,2015-06-25,EE,1,566.0,541.0,524.0,508.0,530.0,619.0,735.0,846.0,884.0,905.0,916.0,913.0,936.0,928.0,916.0,890.0,864.0,841.0,817.0,793.0,777.0,745.0,714.0,665.0
312,2015-06-26,BE,0,9213.0,8671.0,8384.0,8154.0,8126.0,8307.0,8724.0,9579.0,10437.0,10871.0,11133.0,11297.0,11294.0,11170.0,11116.0,10773.0,10521.0,10392.0,10267.0,10047.0,9777.0,9443.0,9460.0,9623.0
313,2015-06-26,CZ,0,5965.0,5964.0,5857.0,5736.0,5658.0,5827.0,6754.0,7252.0,7585.0,7783.0,7776.0,7829.0,7871.0,7767.0,7629.0,7665.0,7510.0,7335.0,7055.0,6964.0,6734.0,6559.0,6285.0,5945.0
314,2015-06-26,DK,1,2843.0,2704.0,2663.0,2650.0,2618.0,2777.0,3305.0,3926.0,4185.0,4236.0,4341.0,4320.0,4160.0,4079.0,3925.0,3791.0,3752.0,3883.0,3836.0,3614.0,3397.0,3255.0,3153.0,2969.0
315,2015-06-26,EE,1,629.0,606.0,585.0,743.0,,,752.0,858.0,927.0,921.0,923.0,916.0,934.0,932.0,918.0,878.0,864.0,847.0,821.0,801.0,776.0,737.0,716.0,668.0
316,2015-06-27,BE,0,8927.0,8276.0,7972.0,7704.0,7583.0,7508.0,7373.0,7805.0,8476.0,9054.0,9499.0,9619.0,9672.0,9366.0,9045.0,8939.0,8924.0,8880.0,8971.0,8808.0,8600.0,8515.0,8539.0,8769.0
317,2015-06-27,CZ,0,5494.0,5329.0,5290.0,5269.0,5190.0,5006.0,5248.0,5625.0,6079.0,6394.0,6636.0,6748.0,6599.0,6541.0,6381.0,6368.0,6216.0,5971.0,5890.0,5877.0,5839.0,5835.0,5695.0,5436.0
318,2015-06-27,DK,1,2763.0,2606.0,2510.0,2447.0,2385.0,2370.0,2584.0,2875.0,3180.0,3410.0,3536.0,3549.0,3493.0,3433.0,3360.0,3313.0,3357.0,3565.0,3568.0,3376.0,3217.0,3082.0,2981.0,2815.0
319,2015-06-27,EE,1,624.0,595.0,570.0,546.0,549.0,591.0,641.0,705.0,761.0,786.0,790.0,789.0,784.0,768.0,766.0,761.0,751.0,749.0,743.0,741.0,716.0,682.0,665.0,641.0
320,2015-06-28,BE,0,8185.0,7770.0,7434.0,7285.0,7279.0,7122.0,7084.0,7397.0,7886.0,8551.0,8857.0,9046.0,9149.0,8886.0,8601.0,8519.0,8487.0,8630.0,8717.0,8625.0,8788.0,8739.0,8772.0,8882.0
321,2015-06-28,CZ,0,5181.0,5050.0,5050.0,5017.0,4902.0,4693.0,4831.0,5226.0,5738.0,6206.0,6505.0,6670.0,6398.0,6367.0,6315.0,6302.0,6220.0,5999.0,6025.0,6078.0,6099.0,6180.0,6288.0,5931.0
322,2015-06-28,DK,1,2624.0,2483.0,2410.0,2370.0,2325.0,2313.0,2431.0,2667.0,2966.0,3193.0,3313.0,3357.0,3338.0,3281.0,3239.0,3212.0,3288.0,3555.0,3613.0,3479.0,3350.0,3217.0,3100.0,2924.0
323,2015-06-28,EE,1,612.0,586.0,555.0,535.0,522.0,542.0,580.0,642.0,693.0,731.0,745.0,738.0,743.0,732.0,719.0,714.0,710.0,714.0,718.0,720.0,702.0,680.0,662.0,625.0
324,2015-06-29,BE,0,8324.0,7967.0,7625.0,7579.0,7647.0,7875.0,8396.0,9447.0,10243.0,10892.0,11152.0,11366.0,11341.0,11338.0,11232.0,11129.0,10932.0,10811.0,10675.0,10398.0,10054.0,9742.0,9799.0,9985.0
325,2015-06-29,CZ,0,5710.0,5678.0,5553.0,5488.0,5453.0,5651.0,6609.0,7208.0,7573.0,7671.0,7677.0,7744.0,7889.0,7781.0,7709.0,7752.0,7612.0,7452.0,7160.0,7048.0,6926.0,6885.0,6693.0,6238.0
326,2015-06-29,DK,1,2748.0,2620.0,2585.0,2581.0,2578.0,2755.0,3261.0,3857.0,4192.0,4270.0,4394.0,4415.0,4330.0,4341.0,4264.0,4095.0,3984.0,4147.0,4039.0,3813.0,3619.0,3438.0,3312.0,3095.0
327,2015-06-29,EE,1,590.0,580.0,551.0,539.0,554.0,649.0,767.0,875.0,927.0,942.0,941.0,935.0,962.0,945.0,934.0,905.0,882.0,859.0,843.0,818.0,799.0,769.0,735.0,687.0
328,2015-06-30,BE,0,9189.0,8802.0,8496.0,8311.0,8242.0,8340.0,8786.0,9785.0,10715.0,11170.0,11519.0,11667.0,11510.0,11579.0,11398.0,11291.0,11165.0,10624.0,10841.0,10660.0,10391.0,10090.0,9971.0,10179.0
329,2015-06-30,CZ,0,5968.0,5897.0,5799.0,5699.0,5652.0,5813.0,6755.0,7289.0,7631.0,7851.0,7839.0,8025.0,8092.0,7984.0,7862.0,7910.0,7745.0,7495.0,7250.0,7152.0,7039.0,6936.0,6825.0,6367.0
330,2015-06-30,DK,1,2873.0,2743.0,2679.0,2680.0,2648.0,2781.0,3288.0,3866.0,4180.0,4263.0,4384.0,4416.0,4334.0,4335.0,4251.0,4078.0,3975.0,4153.0,4114.0,3826.0,3659.0,3501.0,3373.0,3174.0
331,2015-06-30,EE,1,644.0,620.0,593.0,574.0,600.0,687.0,796.0,886.0,925.0,936.0,938.0,927.0,954.0,953.0,949.0,919.0,898.0,870.0,841.0,820.0,798.0,761.0,724.0,668.0
