Datetime,Value
2015-04-09 23:00:00,30400.0
2015-04-10 00:00:00,27148.0
2015-04-10 01:00:00,25257.0
2015-04-10 02:00:00,24309.0
2015-04-10 03:00:00,23802.0
2015-04-10 04:00:00,24146.0
2015-04-10 05:00:00,25654.0
2015-04-10 06:00:00,29802.0
2015-04-10 07:00:00,35116.0
2015-04-10 08:00:00,39439.0
2015-04-10 09:00:00,40609.0
2015-04-10 10:00:00,39957.0
2015-04-10 11:00:00,39389.0
2015-04-10 12:00:00,36787.0
2015-04-10 13:00:00,36425.0
2015-04-10 14:00:00,37056.0
2015-04-10 15:00:00,37012.0
2015-04-10 16:00:00,36694.0
2015-04-10 17:00:00,35559.0
2015-04-10 18:00:00,35225.0
2015-04-10 19:00:00,36924.0
2015-04-10 20:00:00,39107.0
2015-04-10 21:00:00,36580.0
2015-04-10 22:00:00,33021.0
2015-04-10 23:00:00,29734.0
2015-04-11 00:00:00,26880.0
2015-04-11 01:00:00,25077.0
2015-04-11 02:00:00,23984.0
2015-04-11 03:00:00,23399.0
2015-04-11 04:00:00,23320.0
2015-04-11 05:00:00,23761.0
2015-04-11 06:00:00,25199.0
2015-04-11 07:00:00,27668.0
2015-04-11 08:00:00,30747.0
2015-04-11 09:00:00,32104.0
2015-04-11 10:00:00,31744.0
2015-04-11 11:00:00,30710.0
2015-04-11 12:00:00,29112.0
2015-04-11 13:00:00,27591.0
2015-04-11 14:00:00,27224.0
2015-04-11 15:00:00,27095.0
2015-04-11 16:00:00,27043.0
2015-04-11 17:00:00,27642.0
2015-04-11 18:00:00,28552.0
2015-04-11 19:00:00,30816.0
2015-04-11 20:00:00,33313.0
2015-04-11 21:00:00,31205.0
2015-04-11 22:00:00,28727.0
2015-04-11 23:00:00,26359.0
2015-04-12 00:00:00,23907.0
2015-04-12 01:00:00,21883.0
2015-04-12 02:00:00,20868.0
2015-04-12 03:00:00,20207.0
2015-04-12 04:00:00,20072.0
2015-04-12 05:00:00,20487.0
2015-04-12 06:00:00,20594.0
2015-04-12 07:00:00,21232.0
2015-04-12 08:00:00,23257.0
2015-04-12 09:00:00,24665.0
2015-04-12 10:00:00,25745.0
2015-04-12 11:00:00,25785.0
2015-04-12 12:00:00,25696.0
2015-04-12 13:00:00,23994.0
2015-04-12 14:00:00,23204.0
2015-04-12 15:00:00,22844.0
2015-04-12 16:00:00,22546.0
2015-04-12 17:00:00,22940.0
2015-04-12 18:00:00,24191.0
2015-04-12 19:00:00,26848.0
2015-04-12 20:00:00,30547.0
2015-04-12 21:00:00,29519.0
2015-04-12 22:00:00,27356.0
2015-04-12 23:00:00,24647.0
2015-04-13 00:00:00,22033.0
2015-04-13 01:00:00,20523.0
2015-04-13 02:00:00,19820.0
2015-04-13 03:00:00,19650.0
2015-04-13 04:00:00,20105.0
2015-04-13 05:00:00,22150.0
2015-04-13 06:00:00,26742.0
2015-04-13 07:00:00,31927.0
2015-04-13 08:00:00,36477.0
2015-04-13 09:00:00,37352.0
2015-04-13 10:00:00,37308.0
2015-04-13 11:00:00,37054.0
2015-04-13 12:00:00,34856.0
2015-04-13 13:00:00,34610.0
2015-04-13 14:00:00,35816.0
2015-04-13 15:00:00,36067.0
2015-04-13 16:00:00,35834.0
2015-04-13 17:00:00,35032.0
2015-04-13 18:00:00,34354.0
2015-04-13 19:00:00,35781.0
2015-04-13 20:00:00,38455.0
2015-04-13 21:00:00,36113.0
2015-04-13 22:00:00,32215.0
2015-04-13 23:00:00,29146.0
2015-04-14 00:00:00,26171.0
2015-04-14 01:00:00,24345.0
2015-04-14 02:00:00,23644.0
2015-04-14 03:00:00,23300.0
2015-04-14 04:00:00,23620.0
2015-04-14 05:00:00,24913.0
2015-04-14 06:00:00,28699.0
2015-04-14 07:00:00,33754.0
2015-04-14 08:00:00,38375.0
2015-04-14 09:00:00,39830.0
2015-04-14 10:00:00,39393.0
2015-04-14 11:00:00,38789.0
2015-04-14 12:00:00,36379.0
2015-04-14 13:00:00,35882.0
2015-04-14 14:00:00,36635.0
2015-04-14 15:00:00,36904.0
2015-04-14 16:00:00,36880.0
2015-04-14 17:00:00,35678.0
2015-04-14 18:00:00,35019.0
2015-04-14 19:00:00,36351.0
2015-04-14 20:00:00,38425.0
2015-04-14 21:00:00,36146.0
2015-04-14 22:00:00,32395.0
2015-04-14 23:00:00,29240.0
2015-04-15 00:00:00,26430.0
2015-04-15 01:00:00,24854.0
2015-04-15 02:00:00,23888.0
2015-04-15 03:00:00,23541.0
2015-04-15 04:00:00,23791.0
2015-04-15 05:00:00,25206.0
2015-04-15 06:00:00,28812.0
2015-04-15 07:00:00,33423.0
2015-04-15 08:00:00,37852.0
2015-04-15 09:00:00,38812.0
2015-04-15 10:00:00,38548.0
2015-04-15 11:00:00,38709.0
2015-04-15 12:00:00,37148.0
2015-04-15 13:00:00,36766.0
2015-04-15 14:00:00,36818.0
2015-04-15 15:00:00,36902.0
2015-04-15 16:00:00,36783.0
2015-04-15 17:00:00,35622.0
2015-04-15 18:00:00,34902.0
2015-04-15 19:00:00,36153.0
2015-04-15 20:00:00,38547.0
2015-04-15 21:00:00,36496.0
2015-04-15 22:00:00,32482.0
2015-04-15 23:00:00,29168.0
2015-04-16 00:00:00,27355.0
2015-04-16 01:00:00,25415.0
2015-04-16 02:00:00,24553.0
2015-04-16 03:00:00,24034.0
2015-04-16 04:00:00,24404.0
2015-04-16 05:00:00,25973.0
2015-04-16 06:00:00,29700.0
2015-04-16 07:00:00,34479.0
2015-04-16 08:00:00,38539.0
2015-04-16 09:00:00,39503.0
2015-04-16 10:00:00,39107.0
2015-04-16 11:00:00,38694.0
2015-04-16 12:00:00,36556.0
2015-04-16 13:00:00,35839.0
2015-04-16 14:00:00,37004.0
2015-04-16 15:00:00,37100.0
2015-04-16 16:00:00,37098.0
2015-04-16 17:00:00,36705.0
2015-04-16 18:00:00,36304.0
2015-04-16 19:00:00,37752.0
2015-04-16 20:00:00,39927.0
2015-04-16 21:00:00,37361.0
2015-04-16 22:00:00,33569.0
2015-04-16 23:00:00,30539.0
2015-04-17 00:00:00,26632.0
2015-04-17 01:00:00,24849.0
2015-04-17 02:00:00,23969.0
2015-04-17 03:00:00,23750.0
2015-04-17 04:00:00,23909.0
2015-04-17 05:00:00,25303.0
2015-04-17 06:00:00,28956.0
2015-04-17 07:00:00,33837.0
2015-04-17 08:00:00,38495.0
2015-04-17 09:00:00,40304.0
2015-04-17 10:00:00,40391.0
2015-04-17 11:00:00,40183.0
2015-04-17 12:00:00,37221.0
2015-04-17 13:00:00,36355.0
2015-04-17 14:00:00,37620.0
2015-04-17 15:00:00,37504.0
2015-04-17 16:00:00,37073.0
2015-04-17 17:00:00,35726.0
2015-04-17 18:00:00,35080.0
2015-04-17 19:00:00,35953.0
2015-04-17 20:00:00,37898.0
2015-04-17 21:00:00,35623.0
2015-04-17 22:00:00,32108.0
2015-04-17 23:00:00,29219.0
2015-04-18 00:00:00,26567.0
2015-04-18 01:00:00,24756.0
2015-04-18 02:00:00,23763.0
2015-04-18 03:00:00,23331.0
2015-04-18 04:00:00,23139.0
2015-04-18 05:00:00,23556.0
2015-04-18 06:00:00,24516.0
2015-04-18 07:00:00,27078.0
2015-04-18 08:00:00,30535.0
2015-04-18 09:00:00,31890.0
2015-04-18 10:00:00,31444.0
2015-04-18 11:00:00,30414.0
2015-04-18 12:00:00,29120.0
2015-04-18 13:00:00,27622.0
2015-04-18 14:00:00,27437.0
2015-04-18 15:00:00,27488.0
2015-04-18 16:00:00,27505.0
2015-04-18 17:00:00,28263.0
2015-04-18 18:00:00,29100.0
2015-04-18 19:00:00,30628.0
2015-04-18 20:00:00,32249.0
2015-04-18 21:00:00,30231.0
2015-04-18 22:00:00,27758.0
2015-04-18 23:00:00,25597.0
2015-04-19 00:00:00,23239.0
2015-04-19 01:00:00,21523.0
2015-04-19 02:00:00,20584.0
2015-04-19 03:00:00,20191.0
2015-04-19 04:00:00,20090.0
2015-04-19 05:00:00,20358.0
2015-04-19 06:00:00,20038.0
2015-04-19 07:00:00,20748.0
2015-04-19 08:00:00,22941.0
2015-04-19 09:00:00,24906.0
2015-04-19 10:00:00,26279.0
2015-04-19 11:00:00,26858.0
2015-04-19 12:00:00,26691.0
2015-04-19 13:00:00,24862.0
2015-04-19 14:00:00,23715.0
2015-04-19 15:00:00,23612.0
2015-04-19 16:00:00,23125.0
2015-04-19 17:00:00,23531.0
2015-04-19 18:00:00,24577.0
2015-04-19 19:00:00,26601.0
2015-04-19 20:00:00,29568.0
2015-04-19 21:00:00,28918.0
2015-04-19 22:00:00,26754.0
2015-04-19 23:00:00,24332.0
2015-04-20 00:00:00,22257.0
2015-04-20 01:00:00,20816.0
2015-04-20 02:00:00,20162.0
2015-04-20 03:00:00,20046.0
2015-04-20 04:00:00,20468.0
2015-04-20 05:00:00,22393.0
2015-04-20 06:00:00,26557.0
2015-04-20 07:00:00,31897.0
2015-04-20 08:00:00,36130.0
2015-04-20 09:00:00,37294.0
2015-04-20 10:00:00,37044.0
2015-04-20 11:00:00,36942.0
2015-04-20 12:00:00,34541.0
2015-04-20 13:00:00,34591.0
2015-04-20 14:00:00,35420.0
2015-04-20 15:00:00,35643.0
2015-04-20 16:00:00,35609.0
2015-04-20 17:00:00,34717.0
2015-04-20 18:00:00,33897.0
2015-04-20 19:00:00,34955.0
2015-04-20 20:00:00,37536.0
2015-04-20 21:00:00,35838.0
2015-04-20 22:00:00,32141.0
2015-04-20 23:00:00,28894.0
2015-04-21 00:00:00,25681.0
2015-04-21 01:00:00,23997.0
2015-04-21 02:00:00,23192.0
2015-04-21 03:00:00,22957.0
2015-04-21 04:00:00,23206.0
2015-04-21 05:00:00,24666.0
2015-04-21 06:00:00,28103.0
2015-04-21 07:00:00,33020.0
2015-04-21 08:00:00,37324.0
2015-04-21 09:00:00,38310.0
2015-04-21 10:00:00,38114.0
2015-04-21 11:00:00,37935.0
2015-04-21 12:00:00,35628.0
2015-04-21 13:00:00,35543.0
2015-04-21 14:00:00,36698.0
2015-04-21 15:00:00,36791.0
2015-04-21 16:00:00,36683.0
2015-04-21 17:00:00,35384.0
2015-04-21 18:00:00,34664.0
2015-04-21 19:00:00,35693.0
2015-04-21 20:00:00,38046.0
2015-04-21 21:00:00,36204.0
2015-04-21 22:00:00,32529.0
2015-04-21 23:00:00,29126.0
2015-04-22 00:00:00,26713.0
2015-04-22 01:00:00,24996.0
2015-04-22 02:00:00,24112.0
2015-04-22 03:00:00,23777.0
2015-04-22 04:00:00,24023.0
2015-04-22 05:00:00,25183.0
2015-04-22 06:00:00,28404.0
2015-04-22 07:00:00,33589.0
2015-04-22 08:00:00,37655.0
2015-04-22 09:00:00,38428.0
2015-04-22 10:00:00,38312.0
2015-04-22 11:00:00,38115.0
2015-04-22 12:00:00,36328.0
2015-04-22 13:00:00,36203.0
2015-04-22 14:00:00,36869.0
2015-04-22 15:00:00,36963.0
2015-04-22 16:00:00,36845.0
2015-04-22 17:00:00,35617.0
2015-04-22 18:00:00,35001.0
2015-04-22 19:00:00,36238.0
2015-04-22 20:00:00,38433.0
2015-04-22 21:00:00,36568.0
2015-04-22 22:00:00,32636.0
2015-04-22 23:00:00,29233.0
2015-04-23 00:00:00,26522.0
2015-04-23 01:00:00,24972.0
2015-04-23 02:00:00,24130.0
2015-04-23 03:00:00,23803.0
2015-04-23 04:00:00,24047.0
2015-04-23 05:00:00,25241.0
2015-04-23 06:00:00,28383.0
2015-04-23 07:00:00,33518.0
2015-04-23 08:00:00,37690.0
2015-04-23 09:00:00,38953.0
2015-04-23 10:00:00,38978.0
2015-04-23 11:00:00,38656.0
2015-04-23 12:00:00,36014.0
2015-04-23 13:00:00,35470.0
2015-04-23 14:00:00,36542.0
2015-04-23 15:00:00,37032.0
2015-04-23 16:00:00,36297.0
2015-04-23 17:00:00,35879.0
2015-04-23 18:00:00,35168.0
2015-04-23 19:00:00,36108.0
2015-04-23 20:00:00,38105.0
2015-04-23 21:00:00,36264.0
2015-04-23 22:00:00,32629.0
2015-04-23 23:00:00,29576.0
2015-04-24 00:00:00,26711.0
2015-04-24 01:00:00,24835.0
2015-04-24 02:00:00,23959.0
2015-04-24 03:00:00,23568.0
2015-04-24 04:00:00,23825.0
2015-04-24 05:00:00,25312.0
2015-04-24 06:00:00,28348.0
2015-04-24 07:00:00,33117.0
2015-04-24 08:00:00,37353.0
2015-04-24 09:00:00,38379.0
2015-04-24 10:00:00,38159.0
2015-04-24 11:00:00,37693.0
2015-04-24 12:00:00,35747.0
2015-04-24 13:00:00,35522.0
2015-04-24 14:00:00,36288.0
2015-04-24 15:00:00,36575.0
2015-04-24 16:00:00,36487.0
2015-04-24 17:00:00,35304.0
2015-04-24 18:00:00,34381.0
2015-04-24 19:00:00,35112.0
2015-04-24 20:00:00,36932.0
2015-04-24 21:00:00,35092.0
2015-04-24 22:00:00,31550.0
2015-04-24 23:00:00,28785.0
2015-04-25 00:00:00,25736.0
2015-04-25 01:00:00,23885.0
2015-04-25 02:00:00,22642.0
2015-04-25 03:00:00,22172.0
2015-04-25 04:00:00,21712.0
2015-04-25 05:00:00,21375.0
2015-04-25 06:00:00,20472.0
2015-04-25 07:00:00,21936.0
2015-04-25 08:00:00,24425.0
2015-04-25 09:00:00,25915.0
2015-04-25 10:00:00,26076.0
2015-04-25 11:00:00,26433.0
2015-04-25 12:00:00,26219.0
2015-04-25 13:00:00,24758.0
2015-04-25 14:00:00,24548.0
2015-04-25 15:00:00,24291.0
2015-04-25 16:00:00,24505.0
2015-04-25 17:00:00,24744.0
2015-04-25 18:00:00,25752.0
2015-04-25 19:00:00,27326.0
2015-04-25 20:00:00,29466.0
2015-04-25 21:00:00,28408.0
2015-04-25 22:00:00,26411.0
2015-04-25 23:00:00,24335.0
2015-04-26 00:00:00,22000.0
2015-04-26 01:00:00,20298.0
2015-04-26 02:00:00,19344.0
2015-04-26 03:00:00,18890.0
2015-04-26 04:00:00,18772.0
2015-04-26 05:00:00,19225.0
2015-04-26 06:00:00,19001.0
2015-04-26 07:00:00,20203.0
2015-04-26 08:00:00,22285.0
2015-04-26 09:00:00,24114.0
2015-04-26 10:00:00,25222.0
2015-04-26 11:00:00,25656.0
2015-04-26 12:00:00,25702.0
2015-04-26 13:00:00,24086.0
2015-04-26 14:00:00,23466.0
2015-04-26 15:00:00,23151.0
2015-04-26 16:00:00,23140.0
2015-04-26 17:00:00,23890.0
2015-04-26 18:00:00,25222.0
2015-04-26 19:00:00,26680.0
2015-04-26 20:00:00,29125.0
2015-04-26 21:00:00,28500.0
2015-04-26 22:00:00,26315.0
2015-04-26 23:00:00,24034.0
2015-04-27 00:00:00,21648.0
2015-04-27 01:00:00,20256.0
2015-04-27 02:00:00,19705.0
2015-04-27 03:00:00,19567.0
2015-04-27 04:00:00,19890.0
2015-04-27 05:00:00,21694.0
2015-04-27 06:00:00,25897.0
2015-04-27 07:00:00,31836.0
2015-04-27 08:00:00,37373.0
2015-04-27 09:00:00,39053.0
2015-04-27 10:00:00,39393.0
2015-04-27 11:00:00,39637.0
2015-04-27 12:00:00,36974.0
2015-04-27 13:00:00,36830.0
2015-04-27 14:00:00,37968.0
2015-04-27 15:00:00,38315.0
2015-04-27 16:00:00,38568.0
2015-04-27 17:00:00,37659.0
2015-04-27 18:00:00,36482.0
2015-04-27 19:00:00,37178.0
2015-04-27 20:00:00,38026.0
2015-04-27 21:00:00,35889.0
2015-04-27 22:00:00,31954.0
2015-04-27 23:00:00,28927.0
2015-04-28 00:00:00,26213.0
2015-04-28 01:00:00,24589.0
2015-04-28 02:00:00,23773.0
2015-04-28 03:00:00,23595.0
2015-04-28 04:00:00,23776.0
2015-04-28 05:00:00,25261.0
2015-04-28 06:00:00,28487.0
2015-04-28 07:00:00,33653.0
2015-04-28 08:00:00,38034.0
2015-04-28 09:00:00,39192.0
2015-04-28 10:00:00,39160.0
2015-04-28 11:00:00,39273.0
2015-04-28 12:00:00,37095.0
2015-04-28 13:00:00,37084.0
2015-04-28 14:00:00,37964.0
2015-04-28 15:00:00,37749.0
2015-04-28 16:00:00,37723.0
2015-04-28 17:00:00,36658.0
2015-04-28 18:00:00,35761.0
2015-04-28 19:00:00,36151.0
2015-04-28 20:00:00,37329.0
2015-04-28 21:00:00,35591.0
2015-04-28 22:00:00,32132.0
2015-04-28 23:00:00,28970.0
2015-04-29 00:00:00,26487.0
2015-04-29 01:00:00,25066.0
2015-04-29 02:00:00,24036.0
2015-04-29 03:00:00,23752.0
2015-04-29 04:00:00,24009.0
2015-04-29 05:00:00,25052.0
2015-04-29 06:00:00,27835.0
2015-04-29 07:00:00,33237.0
2015-04-29 08:00:00,37846.0
2015-04-29 09:00:00,39100.0
2015-04-29 10:00:00,38719.0
2015-04-29 11:00:00,39093.0
2015-04-29 12:00:00,36846.0
2015-04-29 13:00:00,36683.0
2015-04-29 14:00:00,37605.0
2015-04-29 15:00:00,37746.0
2015-04-29 16:00:00,37567.0
2015-04-29 17:00:00,36328.0
2015-04-29 18:00:00,35472.0
2015-04-29 19:00:00,36347.0
2015-04-29 20:00:00,38067.0
2015-04-29 21:00:00,36268.0
2015-04-29 22:00:00,32547.0
2015-04-29 23:00:00,29389.0
2015-04-30 00:00:00,26274.0
2015-04-30 01:00:00,24618.0
2015-04-30 02:00:00,23610.0
2015-04-30 03:00:00,23338.0
2015-04-30 04:00:00,23530.0
2015-04-30 05:00:00,24763.0
2015-04-30 06:00:00,27832.0
2015-04-30 07:00:00,33126.0
2015-04-30 08:00:00,38089.0
2015-04-30 09:00:00,39287.0
2015-04-30 10:00:00,38866.0
2015-04-30 11:00:00,38805.0
2015-04-30 12:00:00,36443.0
2015-04-30 13:00:00,35925.0
2015-04-30 14:00:00,36144.0
2015-04-30 15:00:00,36017.0
2015-04-30 16:00:00,36305.0
2015-04-30 17:00:00,34951.0
2015-04-30 18:00:00,33813.0
2015-04-30 19:00:00,34578.0
2015-04-30 20:00:00,36192.0
2015-04-30 21:00:00,34646.0
2015-04-30 22:00:00,31067.0
2015-04-30 23:00:00,27925.0
2015-05-01 00:00:00,25649.0
2015-05-01 01:00:00,23589.0
2015-05-01 02:00:00,22310.0
2015-05-01 03:00:00,21522.0
2015-05-01 04:00:00,20830.0
2015-05-01 05:00:00,20226.0
2015-05-01 06:00:00,18769.0
2015-05-01 07:00:00,20120.0
2015-05-01 08:00:00,22383.0
2015-05-01 09:00:00,24078.0
2015-05-01 10:00:00,24639.0
2015-05-01 11:00:00,25039.0
2015-05-01 12:00:00,24691.0
2015-05-01 13:00:00,23655.0
2015-05-01 14:00:00,22710.0
2015-05-01 15:00:00,22382.0
2015-05-01 16:00:00,22212.0
2015-05-01 17:00:00,22856.0
2015-05-01 18:00:00,24207.0
2015-05-01 19:00:00,25978.0
2015-05-01 20:00:00,28458.0
2015-05-01 21:00:00,27835.0
2015-05-01 22:00:00,25671.0
2015-05-01 23:00:00,23324.0
2015-05-02 00:00:00,21347.0
2015-05-02 01:00:00,19664.0
2015-05-02 02:00:00,18798.0
2015-05-02 03:00:00,18523.0
2015-05-02 04:00:00,18765.0
2015-05-02 05:00:00,19533.0
2015-05-02 06:00:00,20322.0
2015-05-02 07:00:00,22911.0
2015-05-02 08:00:00,25759.0
2015-05-02 09:00:00,27433.0
2015-05-02 10:00:00,27771.0
2015-05-02 11:00:00,27329.0
2015-05-02 12:00:00,26856.0
2015-05-02 13:00:00,25752.0
2015-05-02 14:00:00,24806.0
2015-05-02 15:00:00,25100.0
2015-05-02 16:00:00,25277.0
2015-05-02 17:00:00,25922.0
2015-05-02 18:00:00,26938.0
2015-05-02 19:00:00,28472.0
2015-05-02 20:00:00,30383.0
2015-05-02 21:00:00,29426.0
2015-05-02 22:00:00,26876.0
2015-05-02 23:00:00,24623.0
2015-05-03 00:00:00,22478.0
2015-05-03 01:00:00,20637.0
2015-05-03 02:00:00,19682.0
2015-05-03 03:00:00,19198.0
2015-05-03 04:00:00,19085.0
2015-05-03 05:00:00,19265.0
2015-05-03 06:00:00,18569.0
2015-05-03 07:00:00,19979.0
2015-05-03 08:00:00,22177.0
2015-05-03 09:00:00,24209.0
2015-05-03 10:00:00,25090.0
2015-05-03 11:00:00,25473.0
2015-05-03 12:00:00,25428.0
2015-05-03 13:00:00,24063.0
2015-05-03 14:00:00,23536.0
2015-05-03 15:00:00,23441.0
2015-05-03 16:00:00,22910.0
2015-05-03 17:00:00,23596.0
2015-05-03 18:00:00,24778.0
2015-05-03 19:00:00,26136.0
2015-05-03 20:00:00,28693.0
2015-05-03 21:00:00,28779.0
2015-05-03 22:00:00,26756.0
2015-05-03 23:00:00,24038.0
2015-05-04 00:00:00,21751.0
2015-05-04 01:00:00,20474.0
2015-05-04 02:00:00,19642.0
2015-05-04 03:00:00,19422.0
2015-05-04 04:00:00,19974.0
2015-05-04 05:00:00,21718.0
2015-05-04 06:00:00,25568.0
2015-05-04 07:00:00,31659.0
2015-05-04 08:00:00,36738.0
2015-05-04 09:00:00,38180.0
2015-05-04 10:00:00,38378.0
2015-05-04 11:00:00,38585.0
2015-05-04 12:00:00,36360.0
2015-05-04 13:00:00,35919.0
2015-05-04 14:00:00,36947.0
2015-05-04 15:00:00,37005.0
2015-05-04 16:00:00,37081.0
2015-05-04 17:00:00,36517.0
2015-05-04 18:00:00,35422.0
2015-05-04 19:00:00,35841.0
2015-05-04 20:00:00,37385.0
2015-05-04 21:00:00,36044.0
2015-05-04 22:00:00,32331.0
2015-05-04 23:00:00,29204.0
2015-05-05 00:00:00,26502.0
2015-05-05 01:00:00,24834.0
2015-05-05 02:00:00,24141.0
2015-05-05 03:00:00,23902.0
2015-05-05 04:00:00,24191.0
2015-05-05 05:00:00,25226.0
2015-05-05 06:00:00,27959.0
2015-05-05 07:00:00,33349.0
2015-05-05 08:00:00,38649.0
2015-05-05 09:00:00,39957.0
2015-05-05 10:00:00,39684.0
2015-05-05 11:00:00,39719.0
2015-05-05 12:00:00,37495.0
2015-05-05 13:00:00,37427.0
2015-05-05 14:00:00,38368.0
2015-05-05 15:00:00,38823.0
2015-05-05 16:00:00,38919.0
2015-05-05 17:00:00,37837.0
2015-05-05 18:00:00,36612.0
2015-05-05 19:00:00,36867.0
2015-05-05 20:00:00,38252.0
2015-05-05 21:00:00,36929.0
2015-05-05 22:00:00,33055.0
2015-05-05 23:00:00,29952.0
2015-05-06 00:00:00,27065.0
2015-05-06 01:00:00,25432.0
2015-05-06 02:00:00,24691.0
2015-05-06 03:00:00,24403.0
2015-05-06 04:00:00,24725.0
2015-05-06 05:00:00,25755.0
2015-05-06 06:00:00,28528.0
2015-05-06 07:00:00,33898.0
2015-05-06 08:00:00,38052.0
2015-05-06 09:00:00,39764.0
2015-05-06 10:00:00,39807.0
2015-05-06 11:00:00,39430.0
2015-05-06 12:00:00,37013.0
2015-05-06 13:00:00,36672.0
2015-05-06 14:00:00,38207.0
2015-05-06 15:00:00,38433.0
2015-05-06 16:00:00,39149.0
2015-05-06 17:00:00,37870.0
2015-05-06 18:00:00,36982.0
2015-05-06 19:00:00,37462.0
2015-05-06 20:00:00,38478.0
2015-05-06 21:00:00,37437.0
2015-05-06 22:00:00,33777.0
2015-05-06 23:00:00,30490.0
2015-05-07 00:00:00,27391.0
2015-05-07 01:00:00,25632.0
2015-05-07 02:00:00,24633.0
2015-05-07 03:00:00,24415.0
2015-05-07 04:00:00,24652.0
2015-05-07 05:00:00,25612.0
2015-05-07 06:00:00,28174.0
2015-05-07 07:00:00,33674.0
2015-05-07 08:00:00,37696.0
2015-05-07 09:00:00,39004.0
2015-05-07 10:00:00,39356.0
2015-05-07 11:00:00,39283.0
2015-05-07 12:00:00,37381.0
2015-05-07 13:00:00,37062.0
2015-05-07 14:00:00,38142.0
2015-05-07 15:00:00,38585.0
2015-05-07 16:00:00,38692.0
2015-05-07 17:00:00,37599.0
2015-05-07 18:00:00,36649.0
2015-05-07 19:00:00,36694.0
2015-05-07 20:00:00,37931.0
2015-05-07 21:00:00,36964.0
2015-05-07 22:00:00,33462.0
2015-05-07 23:00:00,30487.0
2015-05-08 00:00:00,27616.0
2015-05-08 01:00:00,25753.0
2015-05-08 02:00:00,24956.0
2015-05-08 03:00:00,24568.0
2015-05-08 04:00:00,24762.0
2015-05-08 05:00:00,25576.0
2015-05-08 06:00:00,28179.0
2015-05-08 07:00:00,33611.0
2015-05-08 08:00:00,38068.0
2015-05-08 09:00:00,39463.0
2015-05-08 10:00:00,39826.0
2015-05-08 11:00:00,39968.0
2015-05-08 12:00:00,37843.0
2015-05-08 13:00:00,37498.0
2015-05-08 14:00:00,39041.0
2015-05-08 15:00:00,39269.0
2015-05-08 16:00:00,39301.0
2015-05-08 17:00:00,37951.0
2015-05-08 18:00:00,36789.0
2015-05-08 19:00:00,36522.0
2015-05-08 20:00:00,37384.0
2015-05-08 21:00:00,35962.0
2015-05-08 22:00:00,32725.0
2015-05-08 23:00:00,29937.0
2015-05-09 00:00:00,27417.0
2015-05-09 01:00:00,25628.0
2015-05-09 02:00:00,24703.0
2015-05-09 03:00:00,24257.0
2015-05-09 04:00:00,23976.0
2015-05-09 05:00:00,23945.0
2015-05-09 06:00:00,24102.0
2015-05-09 07:00:00,27452.0
2015-05-09 08:00:00,30404.0
2015-05-09 09:00:00,32230.0
2015-05-09 10:00:00,32146.0
2015-05-09 11:00:00,31517.0
2015-05-09 12:00:00,30367.0
2015-05-09 13:00:00,28923.0
2015-05-09 14:00:00,28112.0
2015-05-09 15:00:00,28303.0
2015-05-09 16:00:00,28627.0
2015-05-09 17:00:00,29163.0
2015-05-09 18:00:00,29446.0
2015-05-09 19:00:00,30153.0
2015-05-09 20:00:00,31451.0
2015-05-09 21:00:00,30942.0
2015-05-09 22:00:00,28610.0
2015-05-09 23:00:00,26559.0
2015-05-10 00:00:00,24323.0
2015-05-10 01:00:00,22431.0
2015-05-10 02:00:00,21517.0
2015-05-10 03:00:00,20985.0
2015-05-10 04:00:00,20855.0
2015-05-10 05:00:00,20807.0
2015-05-10 06:00:00,20007.0
2015-05-10 07:00:00,21680.0
2015-05-10 08:00:00,23866.0
2015-05-10 09:00:00,25504.0
2015-05-10 10:00:00,26292.0
2015-05-10 11:00:00,26594.0
2015-05-10 12:00:00,26100.0
2015-05-10 13:00:00,24463.0
2015-05-10 14:00:00,23880.0
2015-05-10 15:00:00,23599.0
2015-05-10 16:00:00,23870.0
2015-05-10 17:00:00,24300.0
2015-05-10 18:00:00,25178.0
2015-05-10 19:00:00,26467.0
2015-05-10 20:00:00,28636.0
2015-05-10 21:00:00,29609.0
2015-05-10 22:00:00,27793.0
2015-05-10 23:00:00,25375.0
2015-05-11 00:00:00,23091.0
2015-05-11 01:00:00,21715.0
2015-05-11 02:00:00,20982.0
2015-05-11 03:00:00,20830.0
2015-05-11 04:00:00,21201.0
2015-05-11 05:00:00,22512.0
2015-05-11 06:00:00,25984.0
2015-05-11 07:00:00,31645.0
2015-05-11 08:00:00,36193.0
2015-05-11 09:00:00,37484.0
2015-05-11 10:00:00,37612.0
2015-05-11 11:00:00,37604.0
2015-05-11 12:00:00,36104.0
2015-05-11 13:00:00,35961.0
2015-05-11 14:00:00,36806.0
2015-05-11 15:00:00,37391.0
2015-05-11 16:00:00,37733.0
2015-05-11 17:00:00,36638.0
2015-05-11 18:00:00,35573.0
2015-05-11 19:00:00,35856.0
2015-05-11 20:00:00,37069.0
2015-05-11 21:00:00,36572.0
2015-05-11 22:00:00,33011.0
2015-05-11 23:00:00,29930.0
2015-05-12 00:00:00,27030.0
2015-05-12 01:00:00,25642.0
2015-05-12 02:00:00,24702.0
2015-05-12 03:00:00,24407.0
2015-05-12 04:00:00,24536.0
2015-05-12 05:00:00,25525.0
2015-05-12 06:00:00,28167.0
2015-05-12 07:00:00,33544.0
2015-05-12 08:00:00,38026.0
2015-05-12 09:00:00,39511.0
2015-05-12 10:00:00,39269.0
2015-05-12 11:00:00,39165.0
2015-05-12 12:00:00,37090.0
2015-05-12 13:00:00,36954.0
2015-05-12 14:00:00,38143.0
2015-05-12 15:00:00,38659.0
2015-05-12 16:00:00,38699.0
2015-05-12 17:00:00,37879.0
2015-05-12 18:00:00,36753.0
2015-05-12 19:00:00,36638.0
2015-05-12 20:00:00,38007.0
2015-05-12 21:00:00,37341.0
2015-05-12 22:00:00,33682.0
2015-05-12 23:00:00,30479.0
2015-05-13 00:00:00,27718.0
2015-05-13 01:00:00,26003.0
2015-05-13 02:00:00,25158.0
2015-05-13 03:00:00,24942.0
2015-05-13 04:00:00,25051.0
2015-05-13 05:00:00,26004.0
2015-05-13 06:00:00,28777.0
2015-05-13 07:00:00,34237.0
2015-05-13 08:00:00,38347.0
2015-05-13 09:00:00,40153.0
2015-05-13 10:00:00,40239.0
2015-05-13 11:00:00,40237.0
2015-05-13 12:00:00,37928.0
2015-05-13 13:00:00,37924.0
2015-05-13 14:00:00,39151.0
2015-05-13 15:00:00,39547.0
2015-05-13 16:00:00,39893.0
2015-05-13 17:00:00,38746.0
2015-05-13 18:00:00,37472.0
2015-05-13 19:00:00,37272.0
2015-05-13 20:00:00,37977.0
2015-05-13 21:00:00,37141.0
2015-05-13 22:00:00,33532.0
2015-05-13 23:00:00,30439.0
2015-05-14 00:00:00,27672.0
2015-05-14 01:00:00,26008.0
2015-05-14 02:00:00,25060.0
2015-05-14 03:00:00,24721.0
2015-05-14 04:00:00,24888.0
2015-05-14 05:00:00,25800.0
2015-05-14 06:00:00,28396.0
2015-05-14 07:00:00,33680.0
2015-05-14 08:00:00,38451.0
2015-05-14 09:00:00,40379.0
2015-05-14 10:00:00,40772.0
2015-05-14 11:00:00,40709.0
2015-05-14 12:00:00,38727.0
2015-05-14 13:00:00,38582.0
2015-05-14 14:00:00,39625.0
2015-05-14 15:00:00,39816.0
2015-05-14 16:00:00,39585.0
2015-05-14 17:00:00,38647.0
2015-05-14 18:00:00,37239.0
2015-05-14 19:00:00,37466.0
2015-05-14 20:00:00,38084.0
2015-05-14 21:00:00,37500.0
2015-05-14 22:00:00,33722.0
2015-05-14 23:00:00,30646.0
2015-05-15 00:00:00,27867.0
2015-05-15 01:00:00,26167.0
2015-05-15 02:00:00,25440.0
2015-05-15 03:00:00,25233.0
2015-05-15 04:00:00,25497.0
2015-05-15 05:00:00,26544.0
2015-05-15 06:00:00,29246.0
2015-05-15 07:00:00,34751.0
2015-05-15 08:00:00,39094.0
2015-05-15 09:00:00,40566.0
2015-05-15 10:00:00,40857.0
2015-05-15 11:00:00,41072.0
2015-05-15 12:00:00,38799.0
2015-05-15 13:00:00,38514.0
2015-05-15 14:00:00,39384.0
2015-05-15 15:00:00,39217.0
2015-05-15 16:00:00,39874.0
2015-05-15 17:00:00,38689.0
2015-05-15 18:00:00,37592.0
2015-05-15 19:00:00,37270.0
2015-05-15 20:00:00,37110.0
2015-05-15 21:00:00,35788.0
2015-05-15 22:00:00,32586.0
2015-05-15 23:00:00,30003.0
2015-05-16 00:00:00,27728.0
2015-05-16 01:00:00,25649.0
2015-05-16 02:00:00,24788.0
2015-05-16 03:00:00,24092.0
2015-05-16 04:00:00,24108.0
2015-05-16 05:00:00,24045.0
2015-05-16 06:00:00,24360.0
2015-05-16 07:00:00,27399.0
2015-05-16 08:00:00,30259.0
2015-05-16 09:00:00,31905.0
2015-05-16 10:00:00,31575.0
2015-05-16 11:00:00,30812.0
2015-05-16 12:00:00,29979.0
2015-05-16 13:00:00,28818.0
2015-05-16 14:00:00,27614.0
2015-05-16 15:00:00,27839.0
2015-05-16 16:00:00,28268.0
2015-05-16 17:00:00,28427.0
2015-05-16 18:00:00,28988.0
2015-05-16 19:00:00,30005.0
2015-05-16 20:00:00,30758.0
2015-05-16 21:00:00,30551.0
2015-05-16 22:00:00,28436.0
2015-05-16 23:00:00,26540.0
2015-05-17 00:00:00,24615.0
2015-05-17 01:00:00,22807.0
2015-05-17 02:00:00,21767.0
2015-05-17 03:00:00,21139.0
2015-05-17 04:00:00,21023.0
2015-05-17 05:00:00,20709.0
2015-05-17 06:00:00,20075.0
2015-05-17 07:00:00,21537.0
2015-05-17 08:00:00,23645.0
2015-05-17 09:00:00,25781.0
2015-05-17 10:00:00,26675.0
2015-05-17 11:00:00,27148.0
2015-05-17 12:00:00,27140.0
2015-05-17 13:00:00,25701.0
2015-05-17 14:00:00,25227.0
2015-05-17 15:00:00,24697.0
2015-05-17 16:00:00,24431.0
2015-05-17 17:00:00,24810.0
2015-05-17 18:00:00,25672.0
2015-05-17 19:00:00,26933.0
2015-05-17 20:00:00,28458.0
2015-05-17 21:00:00,29754.0
2015-05-17 22:00:00,27972.0
2015-05-17 23:00:00,25481.0
2015-05-18 00:00:00,22903.0
2015-05-18 01:00:00,21635.0
2015-05-18 02:00:00,20912.0
2015-05-18 03:00:00,20713.0
2015-05-18 04:00:00,21225.0
2015-05-18 05:00:00,22604.0
2015-05-18 06:00:00,26322.0
2015-05-18 07:00:00,32230.0
2015-05-18 08:00:00,36957.0
2015-05-18 09:00:00,38460.0
2015-05-18 10:00:00,38871.0
2015-05-18 11:00:00,38662.0
2015-05-18 12:00:00,36796.0
2015-05-18 13:00:00,36683.0
2015-05-18 14:00:00,38101.0
2015-05-18 15:00:00,38660.0
2015-05-18 16:00:00,38549.0
2015-05-18 17:00:00,37344.0
2015-05-18 18:00:00,36272.0
2015-05-18 19:00:00,36163.0
2015-05-18 20:00:00,37049.0
2015-05-18 21:00:00,36739.0
2015-05-18 22:00:00,33383.0
2015-05-18 23:00:00,30207.0
2015-05-19 00:00:00,27548.0
2015-05-19 01:00:00,25893.0
2015-05-19 02:00:00,24967.0
2015-05-19 03:00:00,24629.0
2015-05-19 04:00:00,24807.0
2015-05-19 05:00:00,25722.0
2015-05-19 06:00:00,28405.0
2015-05-19 07:00:00,33860.0
2015-05-19 08:00:00,38770.0
2015-05-19 09:00:00,40604.0
2015-05-19 10:00:00,40973.0
2015-05-19 11:00:00,41149.0
2015-05-19 12:00:00,38940.0
2015-05-19 13:00:00,38565.0
2015-05-19 14:00:00,39629.0
2015-05-19 15:00:00,40496.0
2015-05-19 16:00:00,40054.0
2015-05-19 17:00:00,39173.0
2015-05-19 18:00:00,37885.0
2015-05-19 19:00:00,37606.0
2015-05-19 20:00:00,38177.0
2015-05-19 21:00:00,37291.0
2015-05-19 22:00:00,33609.0
2015-05-19 23:00:00,30389.0
2015-05-20 00:00:00,27827.0
2015-05-20 01:00:00,26387.0
2015-05-20 02:00:00,25486.0
2015-05-20 03:00:00,24969.0
2015-05-20 04:00:00,25234.0
2015-05-20 05:00:00,25936.0
2015-05-20 06:00:00,28872.0
2015-05-20 07:00:00,34454.0
2015-05-20 08:00:00,39324.0
2015-05-20 09:00:00,41059.0
2015-05-20 10:00:00,41861.0
2015-05-20 11:00:00,41560.0
2015-05-20 12:00:00,39296.0
2015-05-20 13:00:00,38897.0
2015-05-20 14:00:00,39713.0
2015-05-20 15:00:00,40115.0
2015-05-20 16:00:00,40109.0
2015-05-20 17:00:00,38611.0
2015-05-20 18:00:00,37696.0
2015-05-20 19:00:00,37257.0
2015-05-20 20:00:00,37489.0
2015-05-20 21:00:00,36660.0
2015-05-20 22:00:00,33223.0
2015-05-20 23:00:00,30170.0
2015-05-21 00:00:00,27455.0
2015-05-21 01:00:00,25841.0
2015-05-21 02:00:00,25006.0
2015-05-21 03:00:00,24807.0
2015-05-21 04:00:00,24935.0
2015-05-21 05:00:00,25737.0
2015-05-21 06:00:00,28321.0
2015-05-21 07:00:00,33931.0
2015-05-21 08:00:00,38488.0
2015-05-21 09:00:00,40508.0
2015-05-21 10:00:00,40656.0
2015-05-21 11:00:00,39968.0
2015-05-21 12:00:00,38027.0
2015-05-21 13:00:00,37482.0
2015-05-21 14:00:00,38249.0
2015-05-21 15:00:00,38795.0
2015-05-21 16:00:00,38637.0
2015-05-21 17:00:00,37670.0
2015-05-21 18:00:00,36438.0
2015-05-21 19:00:00,36172.0
2015-05-21 20:00:00,36179.0
2015-05-21 21:00:00,35628.0
2015-05-21 22:00:00,32353.0
2015-05-21 23:00:00,29445.0
2015-05-22 00:00:00,27205.0
2015-05-22 01:00:00,25537.0
2015-05-22 02:00:00,24661.0
2015-05-22 03:00:00,24366.0
2015-05-22 04:00:00,24592.0
2015-05-22 05:00:00,25285.0
2015-05-22 06:00:00,27902.0
2015-05-22 07:00:00,33537.0
2015-05-22 08:00:00,38170.0
2015-05-22 09:00:00,39686.0
2015-05-22 10:00:00,39533.0
2015-05-22 11:00:00,39509.0
2015-05-22 12:00:00,37143.0
2015-05-22 13:00:00,36917.0
2015-05-22 14:00:00,37389.0
2015-05-22 15:00:00,37379.0
2015-05-22 16:00:00,37661.0
2015-05-22 17:00:00,36617.0
2015-05-22 18:00:00,35585.0
2015-05-22 19:00:00,35841.0
2015-05-22 20:00:00,35979.0
2015-05-22 21:00:00,35473.0
2015-05-22 22:00:00,32192.0
2015-05-22 23:00:00,29520.0
2015-05-23 00:00:00,26781.0
2015-05-23 01:00:00,25047.0
2015-05-23 02:00:00,24096.0
2015-05-23 03:00:00,23644.0
2015-05-23 04:00:00,23441.0
2015-05-23 05:00:00,23323.0
2015-05-23 06:00:00,23983.0
2015-05-23 07:00:00,27055.0
2015-05-23 08:00:00,29739.0
2015-05-23 09:00:00,31656.0
2015-05-23 10:00:00,31952.0
2015-05-23 11:00:00,31573.0
2015-05-23 12:00:00,30203.0
2015-05-23 13:00:00,28919.0
2015-05-23 14:00:00,28148.0
2015-05-23 15:00:00,28043.0
2015-05-23 16:00:00,28251.0
2015-05-23 17:00:00,28771.0
2015-05-23 18:00:00,29402.0
2015-05-23 19:00:00,30057.0
2015-05-23 20:00:00,30443.0
2015-05-23 21:00:00,30004.0
2015-05-23 22:00:00,27985.0
2015-05-23 23:00:00,25906.0
2015-05-24 00:00:00,23755.0
2015-05-24 01:00:00,22103.0
2015-05-24 02:00:00,20989.0
2015-05-24 03:00:00,20494.0
2015-05-24 04:00:00,20344.0
2015-05-24 05:00:00,19814.0
2015-05-24 06:00:00,19492.0
2015-05-24 07:00:00,21083.0
2015-05-24 08:00:00,22953.0
2015-05-24 09:00:00,24475.0
2015-05-24 10:00:00,25353.0
2015-05-24 11:00:00,25072.0
2015-05-24 12:00:00,25062.0
2015-05-24 13:00:00,23962.0
2015-05-24 14:00:00,23834.0
2015-05-24 15:00:00,23882.0
2015-05-24 16:00:00,23770.0
2015-05-24 17:00:00,24026.0
2015-05-24 18:00:00,24691.0
2015-05-24 19:00:00,25970.0
2015-05-24 20:00:00,27558.0
2015-05-24 21:00:00,28955.0
2015-05-24 22:00:00,27216.0
2015-05-24 23:00:00,24893.0
2015-05-25 00:00:00,22436.0
2015-05-25 01:00:00,21015.0
2015-05-25 02:00:00,20367.0
2015-05-25 03:00:00,20205.0
2015-05-25 04:00:00,20692.0
2015-05-25 05:00:00,21707.0
2015-05-25 06:00:00,25585.0
2015-05-25 07:00:00,31250.0
2015-05-25 08:00:00,35802.0
2015-05-25 09:00:00,37289.0
2015-05-25 10:00:00,37760.0
2015-05-25 11:00:00,37596.0
2015-05-25 12:00:00,35663.0
2015-05-25 13:00:00,36136.0
2015-05-25 14:00:00,37299.0
2015-05-25 15:00:00,37579.0
2015-05-25 16:00:00,37459.0
2015-05-25 17:00:00,36534.0
2015-05-25 18:00:00,35277.0
2015-05-25 19:00:00,35194.0
2015-05-25 20:00:00,35810.0
2015-05-25 21:00:00,35804.0
2015-05-25 22:00:00,32530.0
2015-05-25 23:00:00,29411.0
2015-05-26 00:00:00,26630.0
2015-05-26 01:00:00,25001.0
2015-05-26 02:00:00,24157.0
2015-05-26 03:00:00,23674.0
2015-05-26 04:00:00,23806.0
2015-05-26 05:00:00,24575.0
2015-05-26 06:00:00,27570.0
2015-05-26 07:00:00,33365.0
2015-05-26 08:00:00,38132.0
2015-05-26 09:00:00,39626.0
2015-05-26 10:00:00,38828.0
2015-05-26 11:00:00,38213.0
2015-05-26 12:00:00,36912.0
2015-05-26 13:00:00,36791.0
2015-05-26 14:00:00,37949.0
2015-05-26 15:00:00,38598.0
2015-05-26 16:00:00,38609.0
2015-05-26 17:00:00,37289.0
2015-05-26 18:00:00,36356.0
2015-05-26 19:00:00,36496.0
2015-05-26 20:00:00,36416.0
2015-05-26 21:00:00,35987.0
2015-05-26 22:00:00,32743.0
2015-05-26 23:00:00,29831.0
2015-05-27 00:00:00,26996.0
2015-05-27 01:00:00,25325.0
2015-05-27 02:00:00,24293.0
2015-05-27 03:00:00,24051.0
2015-05-27 04:00:00,24222.0
2015-05-27 05:00:00,24809.0
2015-05-27 06:00:00,27551.0
2015-05-27 07:00:00,33091.0
2015-05-27 08:00:00,37586.0
2015-05-27 09:00:00,38623.0
2015-05-27 10:00:00,39180.0
2015-05-27 11:00:00,39445.0
2015-05-27 12:00:00,36787.0
2015-05-27 13:00:00,36198.0
2015-05-27 14:00:00,37184.0
2015-05-27 15:00:00,37758.0
2015-05-27 16:00:00,38103.0
2015-05-27 17:00:00,37092.0
2015-05-27 18:00:00,35855.0
2015-05-27 19:00:00,36010.0
2015-05-27 20:00:00,36257.0
2015-05-27 21:00:00,36361.0
2015-05-27 22:00:00,33200.0
2015-05-27 23:00:00,30082.0
2015-05-28 00:00:00,27244.0
2015-05-28 01:00:00,25624.0
2015-05-28 02:00:00,24773.0
2015-05-28 03:00:00,24417.0
2015-05-28 04:00:00,24537.0
2015-05-28 05:00:00,24957.0
2015-05-28 06:00:00,27776.0
2015-05-28 07:00:00,33123.0
2015-05-28 08:00:00,37474.0
2015-05-28 09:00:00,38941.0
2015-05-28 10:00:00,39353.0
2015-05-28 11:00:00,39283.0
2015-05-28 12:00:00,37025.0
2015-05-28 13:00:00,36635.0
2015-05-28 14:00:00,37311.0
2015-05-28 15:00:00,37583.0
2015-05-28 16:00:00,37172.0
2015-05-28 17:00:00,36117.0
2015-05-28 18:00:00,35098.0
2015-05-28 19:00:00,35318.0
2015-05-28 20:00:00,35650.0
2015-05-28 21:00:00,36090.0
2015-05-28 22:00:00,32913.0
2015-05-28 23:00:00,29800.0
2015-05-29 00:00:00,26967.0
2015-05-29 01:00:00,25209.0
2015-05-29 02:00:00,24394.0
2015-05-29 03:00:00,24115.0
2015-05-29 04:00:00,24272.0
2015-05-29 05:00:00,24492.0
2015-05-29 06:00:00,27382.0
2015-05-29 07:00:00,32750.0
2015-05-29 08:00:00,36786.0
2015-05-29 09:00:00,37963.0
2015-05-29 10:00:00,38194.0
2015-05-29 11:00:00,37978.0
2015-05-29 12:00:00,36110.0
2015-05-29 13:00:00,35992.0
2015-05-29 14:00:00,36729.0
2015-05-29 15:00:00,36981.0
2015-05-29 16:00:00,36720.0
2015-05-29 17:00:00,35631.0
2015-05-29 18:00:00,34848.0
2015-05-29 19:00:00,34775.0
2015-05-29 20:00:00,35107.0
2015-05-29 21:00:00,35137.0
2015-05-29 22:00:00,32515.0
2015-05-29 23:00:00,29761.0
2015-05-30 00:00:00,26879.0
2015-05-30 01:00:00,24887.0
2015-05-30 02:00:00,23787.0
2015-05-30 03:00:00,23208.0
2015-05-30 04:00:00,23050.0
2015-05-30 05:00:00,22407.0
2015-05-30 06:00:00,22932.0
2015-05-30 07:00:00,25821.0
2015-05-30 08:00:00,28752.0
2015-05-30 09:00:00,30493.0
2015-05-30 10:00:00,30793.0
2015-05-30 11:00:00,30283.0
2015-05-30 12:00:00,29137.0
2015-05-30 13:00:00,27965.0
2015-05-30 14:00:00,27386.0
2015-05-30 15:00:00,27029.0
2015-05-30 16:00:00,27312.0
2015-05-30 17:00:00,27672.0
2015-05-30 18:00:00,28091.0
2015-05-30 19:00:00,28304.0
2015-05-30 20:00:00,29474.0
2015-05-30 21:00:00,29814.0
2015-05-30 22:00:00,28041.0
2015-05-30 23:00:00,25849.0
2015-05-31 00:00:00,24787.0
2015-05-31 01:00:00,22808.0
2015-05-31 02:00:00,21620.0
2015-05-31 03:00:00,20984.0
2015-05-31 04:00:00,20853.0
2015-05-31 05:00:00,20439.0
2015-05-31 06:00:00,19974.0
2015-05-31 07:00:00,21469.0
2015-05-31 08:00:00,23518.0
2015-05-31 09:00:00,25066.0
2015-05-31 10:00:00,25672.0
2015-05-31 11:00:00,26185.0
2015-05-31 12:00:00,25674.0
2015-05-31 13:00:00,24158.0
2015-05-31 14:00:00,23666.0
2015-05-31 15:00:00,24004.0
2015-05-31 16:00:00,24076.0
2015-05-31 17:00:00,24873.0
2015-05-31 18:00:00,26149.0
2015-05-31 19:00:00,27479.0
2015-05-31 20:00:00,28771.0
2015-05-31 21:00:00,30052.0
2015-05-31 22:00:00,28432.0
2015-05-31 23:00:00,26251.0
2015-06-01 00:00:00,22574.0
2015-06-01 01:00:00,21106.0
2015-06-01 02:00:00,20295.0
2015-06-01 03:00:00,19934.0
2015-06-01 04:00:00,20087.0
2015-06-01 05:00:00,20236.0
2015-06-01 06:00:00,21876.0
2015-06-01 07:00:00,25576.0
2015-06-01 08:00:00,28748.0
2015-06-01 09:00:00,30381.0
2015-06-01 10:00:00,30903.0
2015-06-01 11:00:00,30953.0
2015-06-01 12:00:00,30238.0
2015-06-01 13:00:00,29868.0
2015-06-01 14:00:00,30223.0
2015-06-01 15:00:00,30695.0
2015-06-01 16:00:00,30250.0
2015-06-01 17:00:00,30222.0
2015-06-01 18:00:00,30143.0
2015-06-01 19:00:00,30569.0
2015-06-01 20:00:00,30682.0
2015-06-01 21:00:00,31221.0
2015-06-01 22:00:00,28613.0
2015-06-01 23:00:00,25922.0
2015-06-02 00:00:00,23908.0
2015-06-02 01:00:00,22237.0
2015-06-02 02:00:00,21220.0
2015-06-02 03:00:00,20683.0
2015-06-02 04:00:00,20488.0
2015-06-02 05:00:00,19646.0
2015-06-02 06:00:00,19512.0
2015-06-02 07:00:00,21418.0
2015-06-02 08:00:00,23677.0
2015-06-02 09:00:00,25431.0
2015-06-02 10:00:00,26183.0
2015-06-02 11:00:00,26488.0
2015-06-02 12:00:00,26381.0
2015-06-02 13:00:00,25346.0
2015-06-02 14:00:00,24872.0
2015-06-02 15:00:00,24722.0
2015-06-02 16:00:00,24714.0
2015-06-02 17:00:00,25273.0
2015-06-02 18:00:00,25974.0
2015-06-02 19:00:00,26885.0
2015-06-02 20:00:00,27918.0
2015-06-02 21:00:00,29375.0
2015-06-02 22:00:00,28142.0
2015-06-02 23:00:00,25437.0
2015-06-03 00:00:00,23353.0
2015-06-03 01:00:00,21742.0
2015-06-03 02:00:00,21009.0
2015-06-03 03:00:00,20783.0
2015-06-03 04:00:00,21110.0
2015-06-03 05:00:00,21912.0
2015-06-03 06:00:00,26026.0
2015-06-03 07:00:00,31783.0
2015-06-03 08:00:00,36931.0
2015-06-03 09:00:00,39084.0
2015-06-03 10:00:00,39794.0
2015-06-03 11:00:00,39980.0
2015-06-03 12:00:00,38070.0
2015-06-03 13:00:00,38198.0
2015-06-03 14:00:00,39568.0
2015-06-03 15:00:00,40064.0
2015-06-03 16:00:00,40430.0
2015-06-03 17:00:00,39492.0
2015-06-03 18:00:00,37872.0
2015-06-03 19:00:00,37370.0
2015-06-03 20:00:00,37267.0
2015-06-03 21:00:00,37401.0
2015-06-03 22:00:00,34421.0
2015-06-03 23:00:00,31116.0
2015-06-04 00:00:00,28333.0
2015-06-04 01:00:00,26589.0
2015-06-04 02:00:00,25491.0
2015-06-04 03:00:00,25192.0
2015-06-04 04:00:00,25502.0
2015-06-04 05:00:00,25825.0
2015-06-04 06:00:00,29034.0
2015-06-04 07:00:00,34486.0
2015-06-04 08:00:00,39581.0
2015-06-04 09:00:00,41488.0
2015-06-04 10:00:00,42013.0
2015-06-04 11:00:00,42246.0
2015-06-04 12:00:00,40381.0
2015-06-04 13:00:00,40412.0
2015-06-04 14:00:00,41538.0
2015-06-04 15:00:00,42090.0
2015-06-04 16:00:00,41569.0
2015-06-04 17:00:00,40701.0
2015-06-04 18:00:00,39590.0
2015-06-04 19:00:00,39144.0
2015-06-04 20:00:00,38800.0
2015-06-04 21:00:00,38949.0
2015-06-04 22:00:00,35945.0
2015-06-04 23:00:00,32797.0
2015-06-05 00:00:00,29693.0
2015-06-05 01:00:00,27733.0
2015-06-05 02:00:00,26718.0
2015-06-05 03:00:00,26363.0
2015-06-05 04:00:00,26437.0
2015-06-05 05:00:00,26607.0
2015-06-05 06:00:00,29801.0
2015-06-05 07:00:00,35601.0
2015-06-05 08:00:00,40433.0
2015-06-05 09:00:00,42654.0
2015-06-05 10:00:00,43290.0
2015-06-05 11:00:00,43405.0
2015-06-05 12:00:00,41722.0
2015-06-05 13:00:00,41909.0
2015-06-05 14:00:00,42868.0
2015-06-05 15:00:00,42878.0
2015-06-05 16:00:00,43088.0
2015-06-05 17:00:00,41894.0
2015-06-05 18:00:00,40653.0
2015-06-05 19:00:00,40071.0
2015-06-05 20:00:00,39244.0
2015-06-05 21:00:00,39094.0
2015-06-05 22:00:00,36407.0
2015-06-05 23:00:00,33585.0
2015-06-06 00:00:00,30872.0
2015-06-06 01:00:00,28754.0
2015-06-06 02:00:00,27427.0
2015-06-06 03:00:00,26681.0
2015-06-06 04:00:00,26319.0
2015-06-06 05:00:00,25516.0
2015-06-06 06:00:00,26404.0
2015-06-06 07:00:00,29570.0
2015-06-06 08:00:00,32849.0
2015-06-06 09:00:00,35192.0
2015-06-06 10:00:00,35718.0
2015-06-06 11:00:00,35532.0
2015-06-06 12:00:00,34463.0
2015-06-06 13:00:00,33557.0
2015-06-06 14:00:00,33042.0
2015-06-06 15:00:00,32704.0
2015-06-06 16:00:00,33437.0
2015-06-06 17:00:00,33642.0
2015-06-06 18:00:00,34500.0
2015-06-06 19:00:00,34634.0
2015-06-06 20:00:00,34389.0
2015-06-06 21:00:00,34339.0
2015-06-06 22:00:00,32444.0
2015-06-06 23:00:00,30126.0
2015-06-07 00:00:00,27372.0
2015-06-07 01:00:00,24873.0
2015-06-07 02:00:00,23854.0
2015-06-07 03:00:00,23303.0
2015-06-07 04:00:00,23142.0
2015-06-07 05:00:00,22175.0
2015-06-07 06:00:00,22064.0
2015-06-07 07:00:00,23593.0
2015-06-07 08:00:00,25572.0
2015-06-07 09:00:00,27380.0
2015-06-07 10:00:00,28589.0
2015-06-07 11:00:00,29424.0
2015-06-07 12:00:00,29683.0
2015-06-07 13:00:00,28818.0
2015-06-07 14:00:00,28253.0
2015-06-07 15:00:00,28480.0
2015-06-07 16:00:00,28725.0
2015-06-07 17:00:00,29242.0
2015-06-07 18:00:00,29914.0
2015-06-07 19:00:00,30771.0
2015-06-07 20:00:00,31515.0
2015-06-07 21:00:00,32879.0
2015-06-07 22:00:00,31567.0
2015-06-07 23:00:00,28991.0
2015-06-08 00:00:00,26359.0
2015-06-08 01:00:00,24549.0
2015-06-08 02:00:00,23642.0
2015-06-08 03:00:00,23314.0
2015-06-08 04:00:00,23536.0
2015-06-08 05:00:00,24375.0
2015-06-08 06:00:00,28431.0
2015-06-08 07:00:00,34498.0
2015-06-08 08:00:00,40227.0
2015-06-08 09:00:00,42652.0
2015-06-08 10:00:00,43313.0
2015-06-08 11:00:00,43547.0
2015-06-08 12:00:00,41695.0
2015-06-08 13:00:00,42104.0
2015-06-08 14:00:00,44027.0
2015-06-08 15:00:00,44866.0
2015-06-08 16:00:00,45222.0
2015-06-08 17:00:00,43948.0
2015-06-08 18:00:00,41976.0
2015-06-08 19:00:00,40843.0
2015-06-08 20:00:00,39912.0
2015-06-08 21:00:00,39768.0
2015-06-08 22:00:00,36820.0
2015-06-08 23:00:00,33664.0
2015-06-09 00:00:00,29654.0
2015-06-09 01:00:00,27904.0
2015-06-09 02:00:00,26930.0
2015-06-09 03:00:00,26444.0
2015-06-09 04:00:00,26731.0
2015-06-09 05:00:00,26908.0
2015-06-09 06:00:00,29990.0
2015-06-09 07:00:00,35514.0
2015-06-09 08:00:00,40418.0
2015-06-09 09:00:00,42379.0
2015-06-09 10:00:00,43304.0
2015-06-09 11:00:00,43635.0
2015-06-09 12:00:00,41879.0
2015-06-09 13:00:00,41353.0
2015-06-09 14:00:00,42761.0
2015-06-09 15:00:00,43705.0
2015-06-09 16:00:00,43959.0
2015-06-09 17:00:00,42309.0
2015-06-09 18:00:00,40909.0
2015-06-09 19:00:00,39930.0
2015-06-09 20:00:00,38665.0
2015-06-09 21:00:00,38948.0
2015-06-09 22:00:00,36278.0
2015-06-09 23:00:00,33294.0
2015-06-10 00:00:00,30016.0
2015-06-10 01:00:00,28313.0
2015-06-10 02:00:00,27362.0
2015-06-10 03:00:00,26896.0
2015-06-10 04:00:00,27043.0
2015-06-10 05:00:00,27225.0
2015-06-10 06:00:00,30321.0
2015-06-10 07:00:00,35770.0
2015-06-10 08:00:00,41118.0
2015-06-10 09:00:00,43300.0
2015-06-10 10:00:00,43796.0
2015-06-10 11:00:00,44181.0
2015-06-10 12:00:00,42529.0
2015-06-10 13:00:00,42187.0
2015-06-10 14:00:00,42862.0
2015-06-10 15:00:00,43519.0
2015-06-10 16:00:00,43363.0
2015-06-10 17:00:00,42179.0
2015-06-10 18:00:00,40915.0
2015-06-10 19:00:00,39993.0
2015-06-10 20:00:00,39019.0
2015-06-10 21:00:00,38857.0
2015-06-10 22:00:00,36317.0
2015-06-10 23:00:00,33269.0
2015-06-11 00:00:00,30330.0
2015-06-11 01:00:00,28513.0
2015-06-11 02:00:00,27458.0
2015-06-11 03:00:00,26978.0
2015-06-11 04:00:00,27069.0
2015-06-11 05:00:00,27152.0
2015-06-11 06:00:00,30079.0
2015-06-11 07:00:00,35437.0
2015-06-11 08:00:00,40391.0
2015-06-11 09:00:00,42798.0
2015-06-11 10:00:00,43526.0
2015-06-11 11:00:00,44078.0
2015-06-11 12:00:00,42585.0
2015-06-11 13:00:00,42388.0
2015-06-11 14:00:00,43728.0
2015-06-11 15:00:00,43998.0
2015-06-11 16:00:00,44264.0
2015-06-11 17:00:00,43124.0
2015-06-11 18:00:00,41361.0
2015-06-11 19:00:00,40678.0
2015-06-11 20:00:00,39755.0
2015-06-11 21:00:00,39956.0
2015-06-11 22:00:00,37351.0
2015-06-11 23:00:00,34305.0
2015-06-12 00:00:00,31137.0
2015-06-12 01:00:00,29123.0
2015-06-12 02:00:00,27882.0
2015-06-12 03:00:00,27394.0
2015-06-12 04:00:00,27485.0
2015-06-12 05:00:00,27534.0
2015-06-12 06:00:00,30557.0
2015-06-12 07:00:00,35791.0
2015-06-12 08:00:00,41084.0
2015-06-12 09:00:00,43488.0
2015-06-12 10:00:00,44432.0
2015-06-12 11:00:00,44744.0
2015-06-12 12:00:00,42988.0
2015-06-12 13:00:00,42444.0
2015-06-12 14:00:00,42495.0
2015-06-12 15:00:00,42837.0
2015-06-12 16:00:00,43016.0
2015-06-12 17:00:00,42350.0
2015-06-12 18:00:00,41070.0
2015-06-12 19:00:00,40266.0
2015-06-12 20:00:00,39072.0
2015-06-12 21:00:00,39047.0
2015-06-12 22:00:00,36345.0
2015-06-12 23:00:00,33278.0
2015-06-13 00:00:00,30662.0
2015-06-13 01:00:00,28714.0
2015-06-13 02:00:00,27412.0
2015-06-13 03:00:00,26791.0
2015-06-13 04:00:00,26451.0
2015-06-13 05:00:00,25776.0
2015-06-13 06:00:00,26422.0
2015-06-13 07:00:00,29464.0
2015-06-13 08:00:00,32656.0
2015-06-13 09:00:00,34432.0
2015-06-13 10:00:00,35512.0
2015-06-13 11:00:00,35035.0
2015-06-13 12:00:00,33905.0
2015-06-13 13:00:00,32652.0
2015-06-13 14:00:00,32003.0
2015-06-13 15:00:00,31919.0
2015-06-13 16:00:00,32448.0
2015-06-13 17:00:00,33093.0
2015-06-13 18:00:00,33825.0
2015-06-13 19:00:00,33973.0
2015-06-13 20:00:00,33105.0
2015-06-13 21:00:00,33563.0
2015-06-13 22:00:00,31835.0
2015-06-13 23:00:00,29615.0
2015-06-14 00:00:00,27320.0
2015-06-14 01:00:00,25372.0
2015-06-14 02:00:00,24271.0
2015-06-14 03:00:00,23653.0
2015-06-14 04:00:00,23278.0
2015-06-14 05:00:00,22470.0
2015-06-14 06:00:00,22337.0
2015-06-14 07:00:00,24000.0
2015-06-14 08:00:00,26109.0
2015-06-14 09:00:00,28031.0
2015-06-14 10:00:00,29225.0
2015-06-14 11:00:00,29570.0
2015-06-14 12:00:00,29420.0
2015-06-14 13:00:00,27724.0
2015-06-14 14:00:00,27689.0
2015-06-14 15:00:00,27523.0
2015-06-14 16:00:00,27458.0
2015-06-14 17:00:00,27797.0
2015-06-14 18:00:00,28462.0
2015-06-14 19:00:00,29144.0
2015-06-14 20:00:00,29811.0
2015-06-14 21:00:00,31280.0
2015-06-14 22:00:00,29976.0
2015-06-14 23:00:00,27641.0
2015-06-15 00:00:00,24969.0
2015-06-15 01:00:00,23557.0
2015-06-15 02:00:00,22908.0
2015-06-15 03:00:00,22734.0
2015-06-15 04:00:00,23024.0
2015-06-15 05:00:00,23855.0
2015-06-15 06:00:00,27956.0
2015-06-15 07:00:00,33957.0
2015-06-15 08:00:00,39406.0
2015-06-15 09:00:00,41468.0
2015-06-15 10:00:00,42526.0
2015-06-15 11:00:00,42917.0
2015-06-15 12:00:00,40460.0
2015-06-15 13:00:00,40103.0
2015-06-15 14:00:00,41505.0
2015-06-15 15:00:00,42400.0
2015-06-15 16:00:00,42519.0
2015-06-15 17:00:00,41620.0
2015-06-15 18:00:00,39976.0
2015-06-15 19:00:00,39415.0
2015-06-15 20:00:00,38523.0
2015-06-15 21:00:00,38402.0
2015-06-15 22:00:00,35509.0
2015-06-15 23:00:00,32618.0
2015-06-16 00:00:00,29795.0
2015-06-16 01:00:00,27899.0
2015-06-16 02:00:00,26838.0
2015-06-16 03:00:00,26497.0
2015-06-16 04:00:00,26653.0
2015-06-16 05:00:00,26750.0
2015-06-16 06:00:00,29727.0
2015-06-16 07:00:00,35300.0
2015-06-16 08:00:00,40601.0
2015-06-16 09:00:00,42765.0
2015-06-16 10:00:00,43455.0
2015-06-16 11:00:00,43975.0
2015-06-16 12:00:00,42016.0
2015-06-16 13:00:00,41961.0
2015-06-16 14:00:00,43113.0
2015-06-16 15:00:00,43269.0
2015-06-16 16:00:00,43689.0
2015-06-16 17:00:00,42419.0
2015-06-16 18:00:00,41096.0
2015-06-16 19:00:00,40199.0
2015-06-16 20:00:00,38908.0
2015-06-16 21:00:00,38563.0
2015-06-16 22:00:00,35768.0
2015-06-16 23:00:00,32749.0
2015-06-17 00:00:00,30176.0
2015-06-17 01:00:00,28209.0
2015-06-17 02:00:00,27081.0
2015-06-17 03:00:00,26712.0
2015-06-17 04:00:00,27034.0
2015-06-17 05:00:00,27344.0
2015-06-17 06:00:00,30540.0
2015-06-17 07:00:00,35813.0
2015-06-17 08:00:00,40893.0
2015-06-17 09:00:00,43051.0
2015-06-17 10:00:00,44471.0
2015-06-17 11:00:00,43906.0
2015-06-17 12:00:00,40521.0
2015-06-17 13:00:00,40517.0
2015-06-17 14:00:00,42413.0
2015-06-17 15:00:00,42476.0
2015-06-17 16:00:00,42390.0
2015-06-17 17:00:00,40654.0
2015-06-17 18:00:00,39659.0
2015-06-17 19:00:00,39278.0
2015-06-17 20:00:00,38349.0
2015-06-17 21:00:00,38377.0
2015-06-17 22:00:00,35734.0
2015-06-17 23:00:00,32565.0
2015-06-18 00:00:00,29918.0
2015-06-18 01:00:00,28164.0
2015-06-18 02:00:00,27129.0
2015-06-18 03:00:00,26896.0
2015-06-18 04:00:00,26970.0
2015-06-18 05:00:00,27107.0
2015-06-18 06:00:00,30035.0
2015-06-18 07:00:00,35375.0
2015-06-18 08:00:00,40555.0
2015-06-18 09:00:00,42361.0
2015-06-18 10:00:00,43014.0
2015-06-18 11:00:00,42890.0
2015-06-18 12:00:00,40785.0
2015-06-18 13:00:00,40512.0
2015-06-18 14:00:00,41104.0
2015-06-18 15:00:00,41282.0
2015-06-18 16:00:00,41465.0
2015-06-18 17:00:00,40454.0
2015-06-18 18:00:00,39190.0
2015-06-18 19:00:00,38828.0
2015-06-18 20:00:00,38003.0
2015-06-18 21:00:00,38277.0
2015-06-18 22:00:00,35979.0
2015-06-18 23:00:00,32641.0
2015-06-19 00:00:00,29878.0
2015-06-19 01:00:00,28058.0
2015-06-19 02:00:00,26866.0
2015-06-19 03:00:00,26562.0
2015-06-19 04:00:00,26731.0
2015-06-19 05:00:00,27016.0
2015-06-19 06:00:00,30069.0
2015-06-19 07:00:00,35025.0
2015-06-19 08:00:00,40108.0
2015-06-19 09:00:00,42322.0
2015-06-19 10:00:00,42603.0
2015-06-19 11:00:00,42622.0
2015-06-19 12:00:00,40954.0
2015-06-19 13:00:00,40904.0
2015-06-19 14:00:00,42073.0
2015-06-19 15:00:00,42297.0
2015-06-19 16:00:00,42299.0
2015-06-19 17:00:00,41008.0
2015-06-19 18:00:00,39654.0
2015-06-19 19:00:00,39089.0
2015-06-19 20:00:00,38118.0
2015-06-19 21:00:00,37877.0
2015-06-19 22:00:00,35606.0
2015-06-19 23:00:00,32621.0
2015-06-20 00:00:00,29884.0
2015-06-20 01:00:00,27849.0
2015-06-20 02:00:00,26664.0
2015-06-20 03:00:00,25838.0
2015-06-20 04:00:00,25571.0
2015-06-20 05:00:00,24476.0
2015-06-20 06:00:00,24858.0
2015-06-20 07:00:00,28375.0
2015-06-20 08:00:00,31387.0
2015-06-20 09:00:00,33121.0
2015-06-20 10:00:00,33468.0
2015-06-20 11:00:00,32769.0
2015-06-20 12:00:00,31658.0
2015-06-20 13:00:00,30650.0
2015-06-20 14:00:00,29972.0
2015-06-20 15:00:00,29296.0
2015-06-20 16:00:00,30048.0
2015-06-20 17:00:00,30715.0
2015-06-20 18:00:00,31174.0
2015-06-20 19:00:00,31382.0
2015-06-20 20:00:00,31147.0
2015-06-20 21:00:00,31391.0
2015-06-20 22:00:00,30157.0
2015-06-20 23:00:00,28041.0
2015-06-21 00:00:00,25758.0
2015-06-21 01:00:00,23950.0
2015-06-21 02:00:00,22874.0
2015-06-21 03:00:00,22187.0
2015-06-21 04:00:00,22021.0
2015-06-21 05:00:00,21152.0
2015-06-21 06:00:00,20862.0
2015-06-21 07:00:00,22304.0
2015-06-21 08:00:00,24182.0
2015-06-21 09:00:00,26063.0
2015-06-21 10:00:00,27027.0
2015-06-21 11:00:00,27533.0
2015-06-21 12:00:00,27328.0
2015-06-21 13:00:00,25878.0
2015-06-21 14:00:00,25534.0
2015-06-21 15:00:00,25291.0
2015-06-21 16:00:00,25288.0
2015-06-21 17:00:00,25592.0
2015-06-21 18:00:00,26532.0
2015-06-21 19:00:00,27425.0
2015-06-21 20:00:00,28218.0
2015-06-21 21:00:00,29686.0
2015-06-21 22:00:00,28846.0
2015-06-21 23:00:00,26510.0
2015-06-22 00:00:00,24073.0
2015-06-22 01:00:00,22501.0
2015-06-22 02:00:00,21785.0
2015-06-22 03:00:00,21527.0
2015-06-22 04:00:00,21969.0
2015-06-22 05:00:00,22789.0
2015-06-22 06:00:00,26903.0
2015-06-22 07:00:00,32497.0
2015-06-22 08:00:00,37635.0
2015-06-22 09:00:00,39942.0
2015-06-22 10:00:00,40664.0
2015-06-22 11:00:00,40747.0
2015-06-22 12:00:00,38918.0
2015-06-22 13:00:00,39469.0
2015-06-22 14:00:00,40420.0
2015-06-22 15:00:00,40615.0
2015-06-22 16:00:00,39925.0
2015-06-22 17:00:00,38986.0
2015-06-22 18:00:00,37864.0
2015-06-22 19:00:00,37563.0
2015-06-22 20:00:00,36902.0
2015-06-22 21:00:00,37177.0
2015-06-22 22:00:00,34513.0
2015-06-22 23:00:00,31602.0
2015-06-23 00:00:00,28953.0
2015-06-23 01:00:00,27176.0
2015-06-23 02:00:00,26352.0
2015-06-23 03:00:00,26036.0
2015-06-23 04:00:00,26079.0
2015-06-23 05:00:00,26481.0
2015-06-23 06:00:00,29420.0
2015-06-23 07:00:00,34991.0
2015-06-23 08:00:00,40073.0
2015-06-23 09:00:00,42361.0
2015-06-23 10:00:00,43051.0
2015-06-23 11:00:00,43125.0
2015-06-23 12:00:00,41131.0
2015-06-23 13:00:00,40608.0
2015-06-23 14:00:00,41461.0
2015-06-23 15:00:00,41792.0
2015-06-23 16:00:00,42650.0
2015-06-23 17:00:00,41411.0
2015-06-23 18:00:00,39821.0
2015-06-23 19:00:00,39236.0
2015-06-23 20:00:00,38049.0
2015-06-23 21:00:00,37796.0
2015-06-23 22:00:00,35370.0
2015-06-23 23:00:00,32422.0
2015-06-24 00:00:00,29537.0
2015-06-24 01:00:00,27603.0
2015-06-24 02:00:00,26524.0
2015-06-24 03:00:00,26023.0
2015-06-24 04:00:00,26127.0
2015-06-24 05:00:00,26393.0
2015-06-24 06:00:00,29231.0
2015-06-24 07:00:00,34529.0
2015-06-24 08:00:00,39624.0
2015-06-24 09:00:00,41263.0
2015-06-24 10:00:00,41643.0
2015-06-24 11:00:00,41890.0
2015-06-24 12:00:00,39789.0
2015-06-24 13:00:00,39454.0
2015-06-24 14:00:00,40795.0
2015-06-24 15:00:00,40803.0
2015-06-24 16:00:00,41201.0
2015-06-24 17:00:00,39709.0
2015-06-24 18:00:00,38451.0
2015-06-24 19:00:00,38284.0
2015-06-24 20:00:00,37438.0
2015-06-24 21:00:00,37566.0
2015-06-24 22:00:00,35029.0
2015-06-24 23:00:00,32020.0
2015-06-25 00:00:00,29403.0
2015-06-25 01:00:00,27476.0
2015-06-25 02:00:00,26467.0
2015-06-25 03:00:00,26026.0
2015-06-25 04:00:00,26208.0
2015-06-25 05:00:00,26215.0
2015-06-25 06:00:00,29247.0
2015-06-25 07:00:00,34528.0
2015-06-25 08:00:00,39377.0
2015-06-25 09:00:00,41615.0
2015-06-25 10:00:00,42037.0
2015-06-25 11:00:00,41921.0
2015-06-25 12:00:00,39854.0
2015-06-25 13:00:00,39671.0
2015-06-25 14:00:00,40540.0
2015-06-25 15:00:00,40814.0
2015-06-25 16:00:00,41105.0
2015-06-25 17:00:00,40106.0
2015-06-25 18:00:00,38857.0
2015-06-25 19:00:00,38422.0
2015-06-25 20:00:00,37660.0
2015-06-25 21:00:00,37779.0
2015-06-25 22:00:00,35305.0
2015-06-25 23:00:00,32666.0
2015-06-26 00:00:00,29796.0
2015-06-26 01:00:00,27822.0
2015-06-26 02:00:00,26730.0
2015-06-26 03:00:00,26187.0
2015-06-26 04:00:00,26327.0
2015-06-26 05:00:00,26485.0
2015-06-26 06:00:00,29211.0
2015-06-26 07:00:00,34623.0
2015-06-26 08:00:00,39643.0
2015-06-26 09:00:00,41724.0
2015-06-26 10:00:00,42441.0
2015-06-26 11:00:00,42522.0
2015-06-26 12:00:00,40647.0
2015-06-26 13:00:00,40094.0
2015-06-26 14:00:00,40817.0
2015-06-26 15:00:00,41040.0
2015-06-26 16:00:00,40975.0
2015-06-26 17:00:00,39954.0
2015-06-26 18:00:00,38796.0
2015-06-26 19:00:00,38303.0
2015-06-26 20:00:00,37385.0
2015-06-26 21:00:00,37459.0
2015-06-26 22:00:00,35356.0
2015-06-26 23:00:00,32322.0
2015-06-27 00:00:00,29503.0
2015-06-27 01:00:00,27406.0
2015-06-27 02:00:00,26357.0
2015-06-27 03:00:00,25658.0
2015-06-27 04:00:00,25546.0
2015-06-27 05:00:00,24885.0
2015-06-27 06:00:00,25589.0
2015-06-27 07:00:00,28584.0
2015-06-27 08:00:00,31583.0
2015-06-27 09:00:00,33636.0
2015-06-27 10:00:00,34337.0
2015-06-27 11:00:00,34141.0
2015-06-27 12:00:00,33005.0
2015-06-27 13:00:00,31605.0
2015-06-27 14:00:00,30526.0
2015-06-27 15:00:00,30442.0
2015-06-27 16:00:00,31008.0
2015-06-27 17:00:00,31580.0
2015-06-27 18:00:00,32183.0
2015-06-27 19:00:00,32417.0
2015-06-27 20:00:00,31814.0
2015-06-27 21:00:00,32046.0
2015-06-27 22:00:00,30531.0
2015-06-27 23:00:00,28430.0
2015-06-28 00:00:00,26204.0
2015-06-28 01:00:00,24605.0
2015-06-28 02:00:00,23349.0
2015-06-28 03:00:00,22671.0
2015-06-28 04:00:00,22338.0
2015-06-28 05:00:00,21636.0
2015-06-28 06:00:00,21404.0
2015-06-28 07:00:00,23035.0
2015-06-28 08:00:00,25029.0
2015-06-28 09:00:00,26628.0
2015-06-28 10:00:00,27577.0
2015-06-28 11:00:00,27749.0
2015-06-28 12:00:00,27900.0
2015-06-28 13:00:00,27100.0
2015-06-28 14:00:00,26803.0
2015-06-28 15:00:00,26736.0
2015-06-28 16:00:00,26755.0
2015-06-28 17:00:00,27386.0
2015-06-28 18:00:00,28199.0
2015-06-28 19:00:00,29212.0
2015-06-28 20:00:00,29775.0
2015-06-28 21:00:00,31324.0
2015-06-28 22:00:00,30462.0
2015-06-28 23:00:00,28272.0
2015-06-29 00:00:00,25367.0
2015-06-29 01:00:00,23763.0
2015-06-29 02:00:00,23037.0
2015-06-29 03:00:00,22764.0
2015-06-29 04:00:00,23068.0
2015-06-29 05:00:00,23765.0
2015-06-29 06:00:00,27581.0
2015-06-29 07:00:00,33079.0
2015-06-29 08:00:00,38485.0
2015-06-29 09:00:00,40855.0
2015-06-29 10:00:00,41759.0
2015-06-29 11:00:00,42034.0
2015-06-29 12:00:00,40416.0
2015-06-29 13:00:00,39861.0
2015-06-29 14:00:00,40750.0
2015-06-29 15:00:00,41741.0
2015-06-29 16:00:00,41552.0
2015-06-29 17:00:00,40607.0
2015-06-29 18:00:00,39290.0
2015-06-29 19:00:00,38994.0
2015-06-29 20:00:00,38156.0
2015-06-29 21:00:00,38078.0
2015-06-29 22:00:00,35751.0
2015-06-29 23:00:00,33110.0
2015-06-30 00:00:00,30220.0
2015-06-30 01:00:00,28210.0
2015-06-30 02:00:00,27133.0
2015-06-30 03:00:00,26706.0
2015-06-30 04:00:00,26753.0
2015-06-30 05:00:00,26750.0
2015-06-30 06:00:00,29818.0
2015-06-30 07:00:00,35281.0
2015-06-30 08:00:00,40496.0
2015-06-30 09:00:00,43066.0
2015-06-30 10:00:00,43794.0
2015-06-30 11:00:00,44047.0
2015-06-30 12:00:00,42083.0
2015-06-30 13:00:00,41853.0
2015-06-30 14:00:00,43036.0
2015-06-30 15:00:00,43687.0
2015-06-30 16:00:00,43919.0
2015-06-30 17:00:00,42736.0
2015-06-30 18:00:00,41047.0
2015-06-30 19:00:00,40310.0
2015-06-30 20:00:00,39249.0
2015-06-30 21:00:00,39331.0
2015-06-30 22:00:00,37207.0
2015-06-30 23:00:00,34077.0